company_type,financing_date,competitor_id,core_personnel,hhcTags,investors,hhc_province,hhc_one_tag_name,hhc_round,product_id,hhc_tags,logo,competitor_list,hasStore,hhc_city,stock_code,start_date,timestamp,brief,area,website,amount,company_id,business,hhc_tags_name,product_name,province_name,tags,investor,round,hhc_tag_length,company_name
local,1678852800,,"[{""desc"": ""刘端蓉，拍明芯城CEO。"", ""name"": ""刘端蓉"", ""keyNo"": ""pc8280e5c41ae8c0558c5dd295bb930b"", ""imgUrl"": """", ""position"": ""CEO""}]","[{'tagId': 705, 'lv': 2, 'tagName': '电子元件', 'parentid': 42}, {'tagId': 711, 'lv': 2, 'tagName': '金融科技', 'parentid': 44}, {'tagId': 40, 'lv': 1, 'tagName': '生命健康', 'parentid': None}, {'tagId': 73, 'lv': 2, 'tagName': '电商', 'parentid': 39}, {'tagId': 42, 'lv': 1, 'tagName': '先进制造', 'parentid': None}, {'tagId': 39, 'lv': 1, 'tagName': '大消费', 'parentid': None}, {'tagId': 44, 'lv': 1, 'tagName': '地产金融', 'parentid': None}, {'tagId': 76, 'lv': 2, 'tagName': '物流', 'parentid': 39}, {'tagId': 142, 'lv': 2, 'tagName': '半导体', 'parentid': 42}, {'tagId': 713, 'lv': 2, 'tagName': '智能硬件', 'parentid': 42}, {'tagId': 90, 'lv': 2, 'tagName': '医疗器械', 'parentid': 40}, {'tagId': 91, 'lv': 2, 'tagName': '基因技术', 'parentid': 40}, {'tagId': 125, 'lv': 2, 'tagName': '物流地产', 'parentid': 44}, {'tagId': 703, 'lv': 2, 'tagName': '装备机械', 'parentid': 42}]",,广东省,,IPO,d7209035-fa35-4c96-829c-c4908eba3bd9,"[705, 711, 40, 73, 42, 39, 44, 76, 142, 713, 90, 91, 125, 703]",/d7/d7209035-fa35-4c96-829c-c4908eba3bd9.jpg,,False,深圳市,IZM.NASDAQ,1437321600,1678856701,"Iczoom（www.iczoom.com）是一个开放的撮合式半导体和电子零部件交易平台。Iczoom拍明芯城努力简化元器件流通贸易链条，
借助互联网实现垂直销售。买家提交询价信息后，平台瞬间智能匹配供货信息，或精准的将买家需求推送给有货源的卖家，快速促成在线交易。平台同时支持买家Bom集中采购、竞价招标和卖家的限时热卖。
 Iczoom通过软件技术手段实现买盘和卖盘在线智能匹配，一键下单模式，即 买家选择商品-智能匹配-放入购物车-确定交货地址-生成订单-
验货/开票-评价，全程在线完成。Iczoom开放所有的询价、报价和成交信息，供需求者们参考对比市场价格走势。
 平台汇集了原厂、授权代理商等的真实供货信息，借助互联网实时在线发布，同时为交易平台的用户提供免费的基于云计算的SAAS（软件即服务）平台，专业的服务团队为买卖双方完成交易全程的供应链综合服务，包括资金及货物交割、进出口报关报检、仓储物流、供应链金融等配套服务。",深圳市,https://www.iczoom.com/,600万美元,2418252fa4c47c4afc91a027eb2e9986,电子元器件交易服务平台,"[""电子元件"",""金融科技"",""生命健康"",""电商"",""先进制造"",""大消费"",""地产金融"",""物流"",""半导体"",""智能硬件"",""医疗器械"",""基因技术"",""物流地产"",""装备机械""]",拍明芯城,,"[""电子元器件"", ""智能硬件"", ""交易平台""]","[""公开发行""]",IPO(IZM.NASDAQ),10,深圳市拍明芯城电子有限公司
local,1678852800,,[],"[{'tagId': 40, 'lv': 1, 'tagName': '生命健康', 'parentid': None}, {'tagId': 89, 'lv': 2, 'tagName': '医药', 'parentid': 40}, {'tagId': 92, 'lv': 2, 'tagName': '医疗服务', 'parentid': 40}, {'tagId': 810, 'lv': 3, 'tagName': '肿瘤', 'parentid': 92}, {'tagId': 98, 'lv': 2, 'tagName': '疫苗', 'parentid': 40}]",,北京市,,IPO,3affa3cf-7f55-4a27-96bd-2b42f7f3a3aa,"[40, 89, 92, 810, 98]",/3a/3affa3cf-7f55-4a27-96bd-2b42f7f3a3aa.jpg,,False,北京市,833575.BJ,1208102400,1678854901,乳头瘤病毒及抗肿瘤药物研发商,北京市,https://www.klws.com/,2.94亿人民币,9281d30acce74e3407f9b6fd4e859501,乳头瘤病毒及抗肿瘤药物研发商,"[""生命健康"",""医药"",""医疗服务"",""肿瘤"",""疫苗""]",康乐卫士,,"[""精准医疗"", ""医疗"", ""抗肿瘤药物"", ""药物研发""]","[""公开发行""]",IPO(833575.BJ),3,北京康乐卫士生物技术股份有限公司
local,1678852800,,[],"[{'tagId': 40, 'lv': 1, 'tagName': '生命健康', 'parentid': None}, {'tagId': 90, 'lv': 2, 'tagName': '医疗器械', 'parentid': 40}, {'tagId': 42, 'lv': 1, 'tagName': '先进制造', 'parentid': None}, {'tagId': 150, 'lv': 2, 'tagName': '智能制造', 'parentid': 42}, {'tagId': 161, 'lv': 2, 'tagName': '工业控制', 'parentid': 42}]",,江苏省,,B轮,2c8f920d3a3b945884fb532238e75c74,"[40, 90, 42, 150, 161]",/edited/2c8f920d3a3b945884fb532238e75c74_20230315102843_1.png,,False,苏州市,-,1503244800,1678854902,"烽禾升医疗成立于2017年，经营范围包含：医疗器械零部件、自动化设备、检测设备的设计、生产、销售;医疗器械的销售;货物及技术的进出口业务。第二类医疗器械生产;第二类医疗器械销售;劳动保护用品生产;劳动保护用品销售;日用口罩（非医用）生产;日用口罩（非医用）销售（依法须经批准的项目,经相关部门批准后方可开展经营活动）一般项目:第一类医疗器械生产;第一类医疗器械销售;技术服务、技术开发、技术咨询、技术交流、技术转让、技术推广（除依法须经批准的项目外,凭营业执照依法自主开展经营活动）。",苏州市,http://www.ksfhs.com/,超亿元人民币,235134a33f6c845e252ec211daff3487,工业4.0智能制造解决方案提供商,"[""生命健康"",""医疗器械"",""先进制造"",""智能制造"",""工业控制""]",烽禾升,,"[""锂电池"", ""自动化设备"", ""智能制造装备"", ""传统行业"", ""智能制造"", ""生产制造""]","[""昆山北部新城资产投资有限公司"",""瑞丞投资""]",B轮,3,烽禾升医疗设备（昆山）有限公司
local,1678852800,,[],"[{'tagId': 40, 'lv': 1, 'tagName': '生命健康', 'parentid': None}, {'tagId': 89, 'lv': 2, 'tagName': '医药', 'parentid': 40}, {'tagId': 91, 'lv': 2, 'tagName': '基因技术', 'parentid': 40}, {'tagId': 92, 'lv': 2, 'tagName': '医疗服务', 'parentid': 40}, {'tagId': 810, 'lv': 3, 'tagName': '肿瘤', 'parentid': 92}]",,江苏省,,A轮,f9f3cb827cc04177a4a258fb0b408a37,"[40, 89, 91, 92, 810]",,,False,苏州市,-,1601222400,1678847701,新景智源是一家TCR-T细胞治疗药物研发与产业化公司，通过自主研发的高通量抗原-抗原受体筛选技术，大量分析患者样本，从而建立抗原-抗原受体配对关系数据库，基于此数据库，该公司能够快速挑选出准确识别实体瘤的抗原受体（TCR），对肿瘤患者的T细胞进行编辑、扩增和功能鉴定，回输高特异性识别患者肿瘤表面抗原的T细胞，从而达到治疗肿瘤的目标。,苏州市,https://www.neowisebio.com/#front,约2亿元人民币,0765405b631df291b05a7055b9079751,实体瘤TCR-T免疫细胞治疗药物开发商,"[""生命健康"",""医药"",""基因技术"",""医疗服务"",""肿瘤""]",新景智源,,"[""医疗技术"", ""医疗"", ""免疫治疗"", ""生物制药"", ""医疗健康"", ""生物技术"", ""医疗咨询""]","[""元禾原点"",""泰福资本"",""远毅资本"",""中鑫资本"",""领军创投"",""格林美股份有限公司"",""同高资本""]",A+轮,3,新景智源生物科技（苏州）有限公司
local,1678852800,,[],"[{'tagId': 42, 'lv': 1, 'tagName': '先进制造', 'parentid': None}, {'tagId': 146, 'lv': 2, 'tagName': '新材料', 'parentid': 42}, {'tagId': 45, 'lv': 1, 'tagName': '传统产业', 'parentid': None}, {'tagId': 176, 'lv': 2, 'tagName': '化工', 'parentid': 45}]",,广东省,,战略融资,0fa57afb-5699-467b-b2c8-3ab54b89f0b6,"[42, 146, 45, 176]",/0f/0fa57afb-5699-467b-b2c8-3ab54b89f0b6.jpg,,False,清远市,-,1187193600,1678867501,"公司位于广东省英德市,是一家集研发、生产、销售气凝胶复合隔热材料为一体的创新型技术企业,也是中国大规模工业化生产气凝胶隔热材料的领军企业。",清远市,https://www.ydalison.com/,超亿元人民币,e8d9a97e8f1b843b5fb2aa53163284f4,气凝胶绝热材料研发商,"[""先进制造"",""新材料"",""传统产业"",""化工""]",埃力生气凝胶,,"[""新材料"", ""先进制造"", ""材料研发"", ""防火材料"", ""石油化工""]","[""中石化""]",战略融资,2,广东埃力生科技股份有限公司
local,1678852800,,"[{""desc"": ""陈国华先生,1955年12月出生,中国国籍,无境外永久居留权,大专学历,工程师,龙湾区政协常委,中国制药装备行业协会理事,中国医药设备工程协会副会长。1976年9月至1988年11月,就职于温州永中农具机械厂;1988年12月至1996年7月,就职于温州亚光药用阀门厂,任经理;1996年8月至2015年11月,任职于温州亚光机械制造有限公司,任董事长兼总经理;现任温州亚光药用阀门厂执行董事、廊坊天宜投资有限公司执行董事兼总经理、温州亚光真空设备制造厂执行董事、山东华泰高山纺织科技有限公司董事、河北乐恒化工设备制造有限公司总经理、北京乐恒天宜科技有限公司总经理;现任股份公司董事长。"", ""name"": ""陈国华"", ""keyNo"": ""p46c6dbe49f61c1da202ade9a093cb8d"", ""imgUrl"": """", ""position"": ""董事长""}, {""desc"": ""张君笑女士,1985年12月出生,中国国籍,无境外永久居留权,本科学历。2009年6月至2010年12月,就职于温州市强顺钢管有限公司,任经理助理;2011年1月至2012年8月,就职于温州市龙湾永中金典量贩歌厅,任行政助理;2012年9月至2015年11月,就职于温州亚光机械制造有限公司,任总经理秘书;现任股份公司职工监事。"", ""name"": ""张君笑"", ""keyNo"": ""p88c8b3b72893bb7d996302b8744febd"", ""imgUrl"": """", ""position"": ""监事""}, {""desc"": ""张宪标先生,1965年11月出生,中国国籍,无境外永久居留权,高中学历。1984年11月至1987年9月,就职于沧河五金机械厂,任车工;1987年10月至1990年11月,就职于瓯海药用阀门厂,任业务经理;1990年12月至2000年12月,就职于瓯海县真空泵厂,任销售经理;2000年12月至今,就职于温州亚光真空设备制造厂,历任技术员、销售经理、经理;现任股份公司董事。"", ""name"": ""张宪标"", ""keyNo"": ""p993a72b193423469f531d8a60e9b5df"", ""imgUrl"": """", ""position"": ""监事会主席""}, {""desc"": ""陈静波先生,1981年6月出生,中国国籍,无境外永久居留权,硕士学历。2005年5月至2006年5月,就职于北京维亚泰克网络科技有限公司,任新战略执行专员;2006年6月至2009年1月,就职于山东华泰高山纺织科技有限公司,任总经理;2009年2月至2015年11月,就职于温州亚光机械制造有限公司,历任董事长助理、副总经理;现任河北乐恒化工设备制造有限公司董事长、北京乐恒天宜科技有限公司执行董事、山东华泰高山纺织科技有限公司董事;现任股份公司总经理。"", ""name"": ""陈静波"", ""keyNo"": ""pf6785eecf2e1dd4604d281f979bc627"", ""imgUrl"": """", ""position"": ""董事""}, {""desc"": ""-"", ""name"": ""张理威"", ""keyNo"": ""prf378418023e949582cb57c7dbe94bf"", ""imgUrl"": """", ""position"": ""董事""}, {""desc"": ""周成玉先生,1956年11月出生,中国国籍,无境外永久居留权,高中学历。1987年6月至1996年7月,就职于温州有机合成有限公司;1996年8月至2015年11月,就职于温州亚光机械制造有限公司;现任股份公司董事。"", ""name"": ""周成玉"", ""keyNo"": ""p9abb85fe7838499ff209f096dabb350"", ""imgUrl"": """", ""position"": ""董事""}, {""desc"": ""罗宗举先生,1976年6月出生,中国国籍,无境外永久居留权,本科学历,注册会计师、高级会计师。2000年7月至2004年1月,就职于禹州市人武部,任财务助理员;2004年2月至2008年10月,就职于天健光华会计师事务所,历任审计师、项目经理;2008年11月至2012年4月,就职于河南四方达超硬材料股份有限公司,任财务总监兼董事会秘书;2012年5月至2014年3月,就职于温州亚光机械制造有限公司,任财务总监;2014年4月至2015年10月,就职于北京中钢网信息股份有限公司,任财务总监兼董事会秘书;现任股份公司董事、财务总监、信息披露事务负责人。"", ""name"": ""罗宗举"", ""keyNo"": ""pcacdecc09ed6bd323c9d97770e2c3f4"", ""imgUrl"": """", ""position"": ""董事""}, {""desc"": ""林培高先生,1953年10月出生,中国国籍,无境外永久居留权,高中学历。1975年8月至1989年9月,就职于温州盲人福利机械厂,任车间主任;1996年8月至2015年11月任温州亚光机械制造有限公司监事;现任股份公司董事、技术总监。"", ""name"": ""林培高"", ""keyNo"": ""pcd109b2a9698bc57d1d564fcadeec8c"", ""imgUrl"": """", ""position"": ""董事""}, {""desc"": ""黄建财先生,1985年8月出生,中国国籍,无境外永久居留权,大专学历。2007年6月至2012年2月,就职于山东华泰高山有限公司;2012年3月至2015年11月,就职于温州亚光机械制造有限公司,任市场部经理;现任股份公司职工监事。"", ""name"": ""黄建财"", ""keyNo"": ""pcdc859e5982ee89166a84d930baaefc"", ""imgUrl"": """", ""position"": ""监事""}]","[{'tagId': 42, 'lv': 1, 'tagName': '先进制造', 'parentid': None}, {'tagId': 89, 'lv': 2, 'tagName': '医药', 'parentid': 40}, {'tagId': 40, 'lv': 1, 'tagName': '生命健康', 'parentid': None}, {'tagId': 703, 'lv': 2, 'tagName': '装备机械', 'parentid': 42}]",,浙江省,,IPO,3261a3d5-3f20-4b9c-bfbf-48fbdbd5d21d,"[42, 89, 40, 703]",/32/3261a3d5-3f20-4b9c-bfbf-48fbdbd5d21d.jpg,,False,温州市,603282.SH,839865600,1678854901,亚光科技主营业务为药用胶塞/铝盖清洗机、过滤洗涤干燥机等制药设备的研发、生产、销售和服务。主要产品有胶塞清洗机、铝盖清洗机、工业级过滤洗涤干燥机、结晶过滤洗涤干燥机、无菌袋转运、整体隔离转运、结晶罐、混合机。,温州市,https://www.china-yaguang.com/,6.03亿人民币,9b0e6e463fb79a21b4597483c3a3d384,制药设备生产商,"[""先进制造"",""医药"",""生命健康"",""装备机械""]",亚光股份,,"[""医疗设备"", ""机械设备"", ""药物研发"", ""零部件制造"", ""医疗器械""]","[""公开发行""]",IPO(603282.SH),2,浙江亚光科技股份有限公司
local,1678852800,,[],"[{'tagId': 43, 'lv': 1, 'tagName': '节能环保', 'parentid': None}, {'tagId': 171, 'lv': 2, 'tagName': '再生资源', 'parentid': 43}, {'tagId': 707, 'lv': 2, 'tagName': '电池', 'parentid': 43}, {'tagId': 897, 'lv': 3, 'tagName': '锂电池', 'parentid': 707}, {'tagId': 900, 'lv': 3, 'tagName': '电池回收', 'parentid': 707}]",,广东省,,B轮,b88ebf4e4cb041bea9d583f6e227e43c,"[43, 171, 707, 897, 900]",/b8/b88ebf4e4cb041bea9d583f6e227e43c.jpg,,False,深圳市,-,1326124800,1678856701,杰成新能源是一家新能源材料循环利用服务商，主要涉及镍、钴、废旧数码类锂电池、新能源汽车动力型锂电池，为用户提供锂电池及镍电池梯次利用、拆解和提炼服务。,深圳市,http://www.jcnico.com/,数亿元人民币,c81972c26c4840c1ec5953aa25c44fef,新能源材料循环利用服务商,"[""节能环保"",""再生资源"",""电池"",""锂电池"",""电池回收""]",杰成新能源,,"[""新能源材料"", ""环保材料"", ""传统行业"", ""电池回收""]","[""深创投"",""和荣资本"",""博云创投"",""阿里巴巴"",""弘湾资本"",""紫峰资本"",""龙岗金控"",""平陵集团"",""上海创新投""]",B轮,2,深圳市杰成镍钴新能源科技有限公司
local,1678852800,,"[{""desc"": ""张伟飞 ，中航睿智董事长。"", ""name"": ""张伟飞"", ""keyNo"": ""p4786b65d2a634a25c4945d113340593"", ""imgUrl"": """", ""position"": ""监事""}, {""desc"": ""张军飞，飞速创软创始人。"", ""name"": ""张军飞"", ""keyNo"": ""p6e8d775685a43ba49c17504d4bf9334"", ""imgUrl"": """", ""position"": ""经理""}]","[{'tagId': 38, 'lv': 1, 'tagName': '信息科技', 'parentid': None}, {'tagId': 56, 'lv': 2, 'tagName': '软件', 'parentid': 38}, {'tagId': 1023, 'lv': 2, 'tagName': '企业服务', 'parentid': 45}]",,广东省,,A轮,91c4de27-b7b5-48ac-872a-ba6e058484e6,"[38, 56, 1023]",/edited/91c4de27-b7b5-48ac-872a-ba6e058484e6_20211118094440_91c4de27-b7b5-48ac-872a-ba6e058484e6.png,,False,珠海市,-,1486656000,1678854901,飞速创软是一家低代码开发平台，专注于云原生全场景低代码及数字基础设施，涉及业务建模、前后端分离开发技术、云原生、微服务框架等。,珠海市,http://www.flydiy.cn,3000万人民币,f2c338b659096087208f8407a440419c,软件开发服务商,"[""信息科技"",""软件"",""企业服务""]",飞速创软,,"[""企业服务"", ""新一代信息技术"", ""企业IT服务"", ""软件开发""]","[""中新融创""]",A++轮,2,珠海飞速创软科技有限公司
local,1678852800,,"[{""desc"": ""1982年7月毕业于隆尧师范学校，1985年9月至1988年9月，在邢台教育学院中文系非脱产进修，大专学历。1982年7月至1986年8月，任南宫市独水张家庄中学教师；1986年9月至1993年9月，任南宫市独水张家庄乡学区校长职务；1993年10月至1997年5月，任职于邢台市桥东区东郭村学区；1997年6月至2003年11月，任阜平县龙兴矿业有限公司董事长；2003年12月至2012年3月，任河北智远商贸有限公司总经理。"", ""name"": ""王润申"", ""keyNo"": ""pfd44dd9696878870673cb619a5709ac"", ""imgUrl"": """", ""position"": ""董事长""}, {""desc"": ""1990年6月毕业于邢台市委党校经济管理专业，大专学历。1990年7月至2013年6月，任河北蓝鸟家具有限公司销售部业务经理。"", ""name"": ""陈志阁"", ""keyNo"": ""p59452d8ed33a2605c31fd34ab43f2b6"", ""imgUrl"": """", ""position"": ""副总经理""}]","[{'tagId': 45, 'lv': 1, 'tagName': '传统产业', 'parentid': None}, {'tagId': 175, 'lv': 2, 'tagName': '农业', 'parentid': 45}, {'tagId': 925, 'lv': 3, 'tagName': '畜牧业', 'parentid': 175}]",,河北省,,已退市,65c62471-915c-4bec-b9f3-fc199c2901ca,"[45, 175, 925]",/65/65c62471-915c-4bec-b9f3-fc199c2901ca.jpg,,False,邢台市,872695.NQ(已退市),1334851200,1678860301,润涛科技是一家综合性农牧企业，集养殖技术开发、种羊培育、肉羊繁育、冷鲜肉销售、饲草种植、有机肥加工于一体，同时下设肉用种羊培育、肉羊繁育基地；河北润涛生物科技有限公司；河北籽润草业科技有限公司。,邢台市,,未披露,8329b898bebb80497b7a8a8bc9e03e51,高品高效肉用种羊新品系研发商,"[""传统产业"",""农业"",""畜牧业""]",润涛科技,,"[""畜禽养殖"", ""农业"", ""饲料"", ""畜牧"", ""养殖加工"", ""农业生产"", ""牲畜养殖"", ""非TMT"", ""农牧业""]","[""未披露""]",IPO(872695.NQ(已退市)),1,河北润涛牧业科技股份有限公司
local,1678852800,,"[{""desc"": ""本科学历；1995年7月至1998年6月，任上海联通国际货运有限公司副总经理；1998年7月至2004年9月，任上海旭富实业有限公司总经理；2004年10月至2009年9月，任上海旭富国际物流有限公司总经理；2009年至2012年4月，任上海传慎生物科技有限公司总经理；2012年5月至2015年9月，任瀚联有限总经理；2015年9月至今，任瀚联医疗董事长；2017年8月至今，担任上海瀚联医疗技术股份有限公司总经理。"", ""name"": ""刘峻"", ""keyNo"": ""p1e4a25c99d6200cbbef20febcdb60b5"", ""imgUrl"": """", ""position"": ""董事长""}, {""desc"": ""本科学历；1993年4月至2010年5月在中国精密机械进出口上海浦东公司任业务经理；2010年6月至2012年12月在上海新旭富企业发展有限公司任副总经理；2013年1月至2015年8月在上海旭富实业有限公司任副总经理。"", ""name"": ""陈云松"", ""keyNo"": ""p3d89f8407df50986c6f0848734142f6"", ""imgUrl"": """", ""position"": ""副总经理""}, {""desc"": ""本科学历；1990年8月至1992年8月在中国人民解放军第7448工厂任计划员；1992年9月至1996年10月在深圳东大实业有限公司任副总经理；1996年11月至2008年8月在美国LINKWEII基金亚太区任投资助理；2008年9月至2010年12月在四川中聚汇科贸公司任副总经理；2011年1月至2015年8月在上海旭富实业有限公司任总经理兼执行董事；2013年10月至今，于上海传慎通用设备有限公司任总经理、董事；目前还担任上海瀚联医疗技术股份有限公司监事。"", ""name"": ""王东"", ""keyNo"": ""pb69f73fc9a5602b0df41b2d3def1458"", ""imgUrl"": """", ""position"": ""总经理""}]","[{'tagId': 42, 'lv': 1, 'tagName': '先进制造', 'parentid': None}, {'tagId': 703, 'lv': 2, 'tagName': '装备机械', 'parentid': 42}, {'tagId': 962, 'lv': 3, 'tagName': '高空作业', 'parentid': 703}]",,上海市,,已退市,39883941-3d42-4ecf-b0ce-52c5a70fa8f7,"[42, 703, 962]",/39/39883941-3d42-4ecf-b0ce-52c5a70fa8f7.jpg,,False,上海市,837532.NQ(已退市),866044800,1678860301,百业安是一家高空作业安全带及其配件研发商，专注于为用户提供围杆带、定位系绳、捆绑器、防坠落速差式安全带、钢丝绳式蓝牙带、缓冲包式蓝牙带等产品。,上海市,http://www.baiyean.com,未披露,76e9100beff5858f269e03a8682cde5e,高空作业安全带及其配件研发企业,"[""先进制造"",""装备机械"",""高空作业""]",百业安,,"[""仪器设备"", ""先进制造"", ""个人安全"", ""专用设备"", ""配件"", ""生产制造"", ""非TMT"", ""防护装备""]","[""未披露""]",IPO(837532.NQ(已退市)),1,上海百业安安全装备科技股份有限公司
local,1678852800,,"[{""desc"": ""-"", ""name"": ""王明祥"", ""keyNo"": ""p8ea75962909503addb24939c35bfe54"", ""imgUrl"": """", ""position"": ""董事长""}]","[{'tagId': 42, 'lv': 1, 'tagName': '先进制造', 'parentid': None}, {'tagId': 145, 'lv': 2, 'tagName': '汽车', 'parentid': 42}, {'tagId': 852, 'lv': 3, 'tagName': '零部件', 'parentid': 145}]",,江苏省,,IPO,224a7af2-0c71-4cb5-ab9c-a8cfcd66572b,"[42, 145, 852]",/22/224a7af2-0c71-4cb5-ab9c-a8cfcd66572b.jpg,,False,苏州市,837663.BJ,950803200,1678860301,明阳科技是一家汽车零部件研发企业，主要产品包括自润滑轴承(DU)、金属粉末注射成形零件(MIM)、粉末冶金零件(PM)等，产品广泛应用于汽车座椅、汽车动力系统等。同时公司还为企业提供定制化服务。,苏州市,http://www.mingyang.org/,1.53亿人民币,c6ee898422b92efa8464db2fa954855b,汽车零部件研发企业,"[""先进制造"",""汽车"",""零部件""]",明阳科技,,"[""定制化服务"", ""零部件研发"", ""汽车零部件""]","[""公开发行""]",IPO(837663.BJ),1,明阳科技（苏州）股份有限公司
local,1678852800,,[],"[{'tagId': 41, 'lv': 1, 'tagName': '传媒娱乐', 'parentid': None}, {'tagId': 112, 'lv': 2, 'tagName': '游戏', 'parentid': 41}]",,浙江省,,战略融资,3e29036fb938acd890a7444505cfe050,"[41, 112]",/3e/3e29036fb938acd890a7444505cfe050.jpg,,False,杭州市,-,1665936000,1678873801,液态喵游戏是一家游戏开发商，公司是由清华大学、中国美院等多所高校学子组成的团队，规模仅6人。B站账号为“薛定谔方程程程”。专注于与游戏开发与发行，已开发《五维空间》、《Messy Up》、《糖果镇大作战》等多款游戏。,杭州市,,未披露,ad682c0612a6221d2381b4a8bddfca44,游戏开发商,"[""传媒娱乐"",""游戏""]",液态喵游戏,,"[""游戏运营"", ""手游"", ""电竞"", ""游戏开发""]","[""上海鹰角网络科技有限公司""]",战略融资,0,杭州液态喵网络科技有限公司
local,1678852800,,"[{""desc"": ""葛凯，男，1966年5月出生，中国国籍，无境外永久居留权，本科学历。1998-2002年就职于珠海康威特通用电源有限公司，任销售副总经理；2002年10月至今创立国能新材及其前身，现任总经理。"", ""name"": ""葛凯"", ""keyNo"": ""p64024440cf45f51f86a9848cc15ea7b"", ""imgUrl"": """", ""position"": ""总经理""}]","[{'tagId': 42, 'lv': 1, 'tagName': '先进制造', 'parentid': None}, {'tagId': 970, 'lv': 2, 'tagName': '五金机械', 'parentid': 42}, {'tagId': 146, 'lv': 2, 'tagName': '新材料', 'parentid': 42}]",,广东省,,定向增发,8e56bc0f-5311-4929-9c14-c600bbab86a3,"[42, 970, 146]",/8e/8e56bc0f-5311-4929-9c14-c600bbab86a3.jpg,,False,珠海市,-,1040659200,1678873801,国能新材是一家复合材料及压铸五金制品生产商，主要产品包括高频电路板材、天线耦合板、高性能玻璃钢天线罩、全向天线罩以及天线内装件等，主要应用于航天航空、通讯等领域。,珠海市,http://www.zhgn.com,3898.61万人民币,5f5ad7b781607c43152482a479ab1c79,复合材料及压铸五金制品生产商,"[""先进制造"",""五金机械"",""新材料""]",国能新材,,"[""改性塑料"", ""材料类"", ""新材料"", ""功能复合材料"", ""结构复合材料"", ""新型复合材料""]","[""珠海阿贝企业管理咨询中心(有限合伙)"",""瑞相资本"",""广发证券"",""正菱创投""]",定向增发,0,珠海国能新材料股份有限公司
local,1678766400,,"[{""desc"": ""-"", ""name"": ""陈迈"", ""keyNo"": ""pca779445ae70a4edda6a911500f0467"", ""imgUrl"": """", ""position"": ""董事长""}, {""desc"": ""-"", ""name"": ""魏旭峰"", ""keyNo"": ""pa1029a947444f39e084e95de392c7bc"", ""imgUrl"": """", ""position"": ""总经理""}, {""desc"": ""-"", ""name"": ""陶茜"", ""keyNo"": ""pr6732e89eac384cb2d68db8813a5a5b"", ""imgUrl"": """", ""position"": ""董事""}, {""desc"": ""-"", ""name"": ""崔赓"", ""keyNo"": ""pr49053eaef9bf4a83252b54e1335883"", ""imgUrl"": """", ""position"": ""董事""}, {""desc"": ""-"", ""name"": ""武津生"", ""keyNo"": ""pr52f257f98e236d8e1b0127c59189cd"", ""imgUrl"": """", ""position"": ""监事""}, {""desc"": ""-"", ""name"": ""张纯峰"", ""keyNo"": ""p83edf687e3131b19ad5daa82ddbf1db"", ""imgUrl"": """", ""position"": ""董事""}]","[{'tagId': 40, 'lv': 1, 'tagName': '生命健康', 'parentid': None}, {'tagId': 90, 'lv': 2, 'tagName': '医疗器械', 'parentid': 40}, {'tagId': 92, 'lv': 2, 'tagName': '医疗服务', 'parentid': 40}, {'tagId': 696, 'lv': 2, 'tagName': '医药外包', 'parentid': 40}, {'tagId': 1023, 'lv': 2, 'tagName': '企业服务', 'parentid': 45}]",,江苏省,,A轮,58e313a3-f63f-4840-a666-7bd28b3d7391,"[40, 90, 92, 696, 1023]",/58/58e313a3-f63f-4840-a666-7bd28b3d7391.jpg,,False,泰州市,-,1499184000,1678761301,美凤力医疗科技有限公司，位于中国医药城，是一家主要从事动物实验及相关产品研发的公共技术服务平台。拥有1250平米标准化实验楼，按照国际标准的动物实验室要求，解决通风、恒温等环节，建设手术室、动物饲养室等，配置相关仪器设备，包括麻醉机、手术床、C型臂X线机、MRI，监护仪等。,泰州市,http://www.meifengli.com,约亿元人民币,ead7484969f797467423ae9bf5d8d9f9,动物实验及相关产品研发的公共技术服务平台,"[""生命健康"",""医疗器械"",""医疗服务"",""医药外包"",""企业服务""]",美凤力,,"[""医学检验实验室"", ""第三方医疗机构"", ""医疗健康"", ""医疗机构""]","[""未披露""]",A轮,4,江苏美凤力医疗科技有限公司
local,1678766400,,"[{""desc"": ""-"", ""name"": ""刘同庆"", ""keyNo"": ""p99051b9d7c82f95a746d62741b5074e"", ""imgUrl"": """", ""position"": ""执行董事""}, {""desc"": ""-"", ""name"": ""金萍"", ""keyNo"": ""pr5248ef96e1aaff1a913cd570ca9c18"", ""imgUrl"": """", ""position"": ""监事""}]","[{'tagId': 42, 'lv': 1, 'tagName': '先进制造', 'parentid': None}, {'tagId': 45, 'lv': 1, 'tagName': '传统产业', 'parentid': None}, {'tagId': 142, 'lv': 2, 'tagName': '半导体', 'parentid': 42}, {'tagId': 179, 'lv': 2, 'tagName': '家电', 'parentid': 45}, {'tagId': 705, 'lv': 2, 'tagName': '电子元件', 'parentid': 42}]",,江苏省,,战略融资,dd496eca-2d51-46e6-92a8-d2cd75f33113,"[42, 45, 142, 179, 705]",/dd/dd496eca-2d51-46e6-92a8-d2cd75f33113.jpg,,False,无锡市,-,1269446400,1678854901,无锡芯感智半导体有限公司由中国半导体压阻式压力传感器龙头企业---麦克传感器股份有限公司投资设立，坐落于无锡市国家集成电路设计中心。公司自成立以来，一直致力于MEMS压力传感器的研究开发，依托麦克传感器有限公司的封装测试，已成功开发出扩散硅压力敏感芯片、SOI高温压力敏感芯片、压力传感器、压力传感器模块、民用压力变送器、工业用压力变送器和液位变送器等系列产品，广泛用于医疗电子、汽车电子、家电、净化设备、水泵、空压机、气象、移动设备以及工业自动化等领域。,无锡市,http://www.sencoch.com/,未披露,23849d62dcb53c77d60ab50963548b30,MEMS压力传感器的研发商,"[""先进制造"",""传统产业"",""半导体"",""家电"",""电子元件""]",芯感智,,"[""先进制造"", ""关键元器件"", ""零部件制造"", ""传感器"", ""传感设备""]","[""无锡金控启源投资""]",战略融资,3,无锡芯感智半导体有限公司
local,1678766400,,[],"[{'tagId': 42, 'lv': 1, 'tagName': '先进制造', 'parentid': None}, {'tagId': 146, 'lv': 2, 'tagName': '新材料', 'parentid': 42}, {'tagId': 43, 'lv': 1, 'tagName': '节能环保', 'parentid': None}, {'tagId': 166, 'lv': 2, 'tagName': '储能', 'parentid': 43}, {'tagId': 707, 'lv': 2, 'tagName': '电池', 'parentid': 43}]",,上海市,,天使轮,e408c6051dd8a506e55496e88d2fa932,"[42, 146, 43, 166, 707]",,,False,上海市,-,1670947200,1678854001,乐普钠电主要聚焦在钠离子电池技术创新与工程化应用，以市场为导向，集研发、生产与销售于一体的新一代动力电池材料与储能电池系统供应商，提供绿色环保、可持续能源提供解决方案。,上海市,,数千万元人民币,6281402756a2dac3943fd26aee7883b4,钠离子电池技术供应商,"[""先进制造"",""新材料"",""节能环保"",""储能"",""电池""]",乐普钠电,,"[""电池技术"", ""钠离子电池"", ""节能环保材料"", ""锂电子材料"", ""新能源""]","[""未披露""]",天使轮,3,乐普钠电（上海）技术有限公司
local,1678766400,,[],"[{'tagId': 38, 'lv': 1, 'tagName': '信息科技', 'parentid': None}, {'tagId': 54, 'lv': 2, 'tagName': '大数据', 'parentid': 38}, {'tagId': 56, 'lv': 2, 'tagName': '软件', 'parentid': 38}, {'tagId': 724, 'lv': 3, 'tagName': '信息化', 'parentid': 56}, {'tagId': 40, 'lv': 1, 'tagName': '生命健康', 'parentid': None}, {'tagId': 92, 'lv': 2, 'tagName': '医疗服务', 'parentid': 40}]",,湖北省,,天使轮,b52fdefc5ebc2d0c839f79dc346f98e0,"[38, 54, 56, 724, 40, 92]",,,False,武汉市,-,,1678837801,垂直于医疗信息化场景的一家低代码平台，涵盖DRG/DIP全院解决方案、智慧临床、智慧管理、智慧服务、医院测评、智慧医共体等核心板块，平台拥有100+应用库，N+报表库，提供100+款医疗软件模板，模板包含一套完整的页面、数据库、业务逻辑，省去从0到1开发过程，降低开发难度、节省大量时间，做到了开箱即用,武汉市,https://www.fusiontech.cn/,5000万人民币,36dd69f96abd1a845d55ba3bc49c9781,低代码医疗信息化厂商,"[""信息科技"",""大数据"",""软件"",""信息化"",""生命健康"",""医疗服务""]",福鑫科创,,"[""医疗大数据云平台"", ""医疗平台"", ""医疗软件"", ""医疗大数据"", ""医疗""]","[""长岭资本""]",天使轮,3,湖北福鑫科创信息技术有限公司
local,1678766400,,[],"[{'tagId': 38, 'lv': 1, 'tagName': '信息科技', 'parentid': None}, {'tagId': 54, 'lv': 2, 'tagName': '大数据', 'parentid': 38}, {'tagId': 61, 'lv': 2, 'tagName': '人工智能', 'parentid': 38}, {'tagId': 735, 'lv': 3, 'tagName': '机器学习', 'parentid': 61}, {'tagId': 42, 'lv': 1, 'tagName': '先进制造', 'parentid': None}, {'tagId': 146, 'lv': 2, 'tagName': '新材料', 'parentid': 42}]",,上海市,,天使轮,1ba9ffc36ef19595117447b13a1bb19d,"[38, 54, 61, 735, 42, 146]",/1b/1ba9ffc36ef19595117447b13a1bb19d.jpg,,False,上海市,-,1640534400,1678770302,自主研发了材料信息人工智能和数据管理平台，借助机器学习、高通量计算以及高通量实验等技术，为新材料研发提供高效能的解决方案，提高新材料研发效率，降低研发风险，并推动材料相关制造业在研发、工艺、流程等核心环节的高效创新，提升其赋能企业的价值链地位和长期竞争优势,上海市,http://www.deepverse.info,数千万元人民币,0ce6f1846c94944fd2d88431229a3e60,人工智能新材料研发商,"[""信息科技"",""大数据"",""人工智能"",""机器学习"",""先进制造"",""新材料""]",幻量科技,,"[""人工智能行业应用"", ""材料类"", ""材料研发"", ""人工智能"", ""数据管理平台""]","[""红杉种子基金"",""巢生投资"",""真格基金"",""Newlight Partners""]",种子轮,3,上海深鱼赛跑科技有限公司
local,1678766400,,"[{""desc"": ""高裕弟博士承担和完成国家各级重大科技攻关项目15项，评选列入科技部“中青年科技创新领军人才计划”、江苏省首批“创业创新人才引进计划”和江苏省“333人才培养计划”，曾荣获国家技术发明一等奖、教育部技术发明一等奖、中国专利优秀奖、江苏省“青年科技奖”、电子信息科学技术一等奖、信息产业重大技术发明、北京市发明专利一等奖等奖项。截至2015年12月，高裕弟博士累计申请专利69件，包括发明专利49件，包含13件国外专利，并在若干关键技术领域也实现技术突破,并负责制定了国际标准IEC 62341-6-1《OLED光学和光电参数的测试方法》。"", ""name"": "" 高裕弟"", ""keyNo"": ""p5714423a385a5441e163f88b932d3b0"", ""imgUrl"": null, ""position"": ""董事长""}, {""desc"": ""-"", ""name"": "" 郝力强"", ""keyNo"": ""pr04d16a94339e3405c710c8662bd869"", ""imgUrl"": null, ""position"": ""监事""}, {""desc"": ""李国伟先生,董事,香港永久性居民,1958年出生,毕业于香港大学,主修商业管理。现任香港上市公司亿都(国际控股)有限公司之行政总裁兼公司执行董事。李国伟先生曾任香港花旗银行企业货款部长官,具有多年银行业务、财务及管理顾问及实业管理经验。"", ""name"": "" 李国伟"", ""keyNo"": ""pb1b255d1bd85359f4cc1af46770b2e4"", ""imgUrl"": null, ""position"": ""董事""}, {""desc"": ""-"", ""name"": "" 孙剑"", ""keyNo"": ""pr36f298ff77d452826d18abc9b88218"", ""imgUrl"": null, ""position"": ""董事""}]","[{'tagId': 42, 'lv': 1, 'tagName': '先进制造', 'parentid': None}, {'tagId': 149, 'lv': 2, 'tagName': 'LED', 'parentid': 42}, {'tagId': 705, 'lv': 2, 'tagName': '电子元件', 'parentid': 42}, {'tagId': 1023, 'lv': 2, 'tagName': '企业服务', 'parentid': 45}]",,江苏省,,A轮,2c810748-48a4-49f2-94f5-8a6800cc98ef,"[42, 149, 705, 1023]",/2c/2c810748-48a4-49f2-94f5-8a6800cc98ef.jpg,,False,苏州市,-,1293638400,1678761301,清越科技是一家新型显示整体解决方案创新型供应商，专注OLED事业20余年，已发展成为集研发、生产、销售于一体。,苏州市,http://www.visionox.com,数千万元人民币,ae2619a395afb5ba28707debaffac14a,发光显示器整体解决方案供应商,"[""先进制造"",""LED"",""电子元件"",""企业服务""]",清越科技,,"[""电子元器件"", ""企业通用服务"", ""电子器件"", ""显示器件"", ""行业解决方案"", ""企业服务"", ""机械设备"", ""电子设备"", ""生产制造""]","[""DCM Ventures"",""一度资本"",""特想投资""]",A轮,3,苏州清越光电科技股份有限公司
local,1678766400,,"[{""desc"": ""王世乾，瑞步康创始人。荷兰代尔夫特理工大学博士后研究员，先后参与欧盟MindWalker和Symbitron外骨骼机器人的研发，并摘得2016“赢在苏州”国际精英欧洲赛区创业大赛决赛第一名。"", ""name"": ""王世乾"", ""keyNo"": ""pb09e57890324e3ff781b51abda2b6ef"", ""imgUrl"": """", ""position"": ""创始人""}]","[{'tagId': 90, 'lv': 2, 'tagName': '医疗器械', 'parentid': 40}, {'tagId': 40, 'lv': 1, 'tagName': '生命健康', 'parentid': None}, {'tagId': 952, 'lv': 3, 'tagName': '康复', 'parentid': 92}, {'tagId': 92, 'lv': 2, 'tagName': '医疗服务', 'parentid': 40}]",,江苏省,,战略融资,e8cfe415-5735-48d4-8179-97024025b474,"[90, 40, 952, 92]",/e8/e8cfe415-5735-48d4-8179-97024025b474.jpg,,False,苏州市,-,1458662400,1678871101,瑞步康是一个医疗器械和康复器械生产商，公司致力于高端医疗器械和康复器械的研发、生产与销售，目前主要以外骨骼机器人中的关节技术为突破口，重点开发适用于智能假肢的智能膝关节和踝关节产品。,苏州市,http://reboocon.com,未披露,3c132193d7cbe8760cf6e119e92e9d86,医疗器械和康复器械生产商,"[""医疗器械"",""生命健康"",""康复"",""医疗服务""]",瑞步康,,"[""人体"", ""医疗器械及硬件"", ""机器人"", ""器械"", ""医疗健康"", ""康复机器人"", ""医疗器械"", ""智能""]","[""高美资本""]",战略融资,2,苏州瑞步康医疗科技有限公司
