title,author,publish_time,price,comment
青铜葵花（当当定制版）,曹文轩,2015-03-01,¥9.90,
额尔古纳河右岸（茅盾文学奖获奖作品全集28）,迟子建,2019-06-01,¥19.90,
我与地坛（纪念版）,史铁生,2011-06-01,¥16.00,
你也走了很远的路吧（新增2万余字，4篇文章，关于特殊时期成长的勇气，以及曾经的那些人）,"卢思浩 著,博集天卷 出品",2022-09-26,¥24.90,
被讨厌的勇气：“自我启发之父”阿德勒的哲学课 岸见一郎,"岸見一郎, 古賀史健",2020-03-05,¥27.50,
真希望你也喜欢自己（房琪shou部作品重磅上市！写给所有年轻人的成长通关秘籍！杨天真、大冰、鲁豫、张含韵诚挚作序推荐。）,房琪kiki 著，磨铁文化 出品,2022-09-28,¥37.30,
带壳的牡蛎是大人的心脏（当当专享签章版+作者亲绘贴纸。火爆全网现象级漫画，白茶、沈月、阮筠庭、文森特动物园推荐！）,拟泥nini 著绘  时代华语 出品,2022-09-01,¥40.80,
活着（余华代表作，精装，易烊千玺推荐阅读）,余华  著 ，新经典  出品,2021-10-01,¥31.00,
长安的荔枝,"马伯庸 著,博集天卷 出品",2022-10-31,¥29.00,
蛤蟆先生去看心理医生（热销300万册！英国经典心理咨询入门书，知名心理学家李松蔚强烈推荐）,罗伯特·戴博德，果麦文化 出品,2020-07-01,¥19.00,
病隙碎笔 2021纪念版（史铁生充满灵性光辉的生命笔记，启迪无数读者的长篇哲思散文经典）,"史铁生 著,博集天卷 出品",2021-11-01,¥24.00,
人生海海（麦家重磅力作，莫言、董卿盛赞，连续两年高居畅销榜，发行量超300万册）,麦家  著 ，新经典  出品,2019-04-16,¥27.50,
钝感力（渡边淳一经典励志大作！央视新闻、《奇葩说》鼎力推荐，马东、蔡康永、杨天真、王俊凯推荐书目。写给易因小事敏感，什么都往心里去的人。),渡边淳一著；李迎跃 译;,2018-01-01,¥16.00,
生死疲劳（不看不知道，莫言真幽默！全新版本！）,莫言；读客文化 出品,2022-01-01,¥34.95,
法治的细节（罗翔新作，法律随笔，评热点、论法理、聊读书、谈爱情，人间清醒与你坦诚相见）,罗翔，果麦文化 出品,2021-11-01,¥24.90,
瓦尔登湖（经典新读 中央编译出版社）,（美）梭罗 著，王光林 译 万亭文化 出品,2019-04-01,¥13.40,
你当像鸟飞往你的山（中文版销量超200万册，比尔·盖茨年度特别推荐！登顶《纽约时报》畅销榜80+周，这本书比你听说的还要好！）,塔拉 · 韦斯特弗  著 ， 新经典  出品,2019-11-01,¥34.80,
和古代学霸握个手,急脚大师 著 捧读文化 出品,2022-11-01,¥27.80,
三体：全三册 刘慈欣代表作，亚洲“雨果奖”获奖作品！,刘慈欣,2010-11-01,¥51.20,
陪孩子弯道超车（给家长和孩子的逆袭指南）,吉田 著，磨铁文化 出品,2022-07-01,¥34.10,
青铜葵花（当当定制版）,曹文轩,2015-03-01,¥9.90,
额尔古纳河右岸（茅盾文学奖获奖作品全集28）,迟子建,2019-06-01,¥19.90,
我与地坛（纪念版）,史铁生,2011-06-01,¥16.00,
你也走了很远的路吧（新增2万余字，4篇文章，关于特殊时期成长的勇气，以及曾经的那些人）,"卢思浩 著,博集天卷 出品",2022-09-26,¥24.90,
被讨厌的勇气：“自我启发之父”阿德勒的哲学课 岸见一郎,"岸見一郎, 古賀史健",2020-03-05,¥27.50,
真希望你也喜欢自己（房琪shou部作品重磅上市！写给所有年轻人的成长通关秘籍！杨天真、大冰、鲁豫、张含韵诚挚作序推荐。）,房琪kiki 著，磨铁文化 出品,2022-09-28,¥37.30,
带壳的牡蛎是大人的心脏（当当专享签章版+作者亲绘贴纸。火爆全网现象级漫画，白茶、沈月、阮筠庭、文森特动物园推荐！）,拟泥nini 著绘  时代华语 出品,2022-09-01,¥40.80,
活着（余华代表作，精装，易烊千玺推荐阅读）,余华  著 ，新经典  出品,2021-10-01,¥31.00,
长安的荔枝,"马伯庸 著,博集天卷 出品",2022-10-31,¥29.00,
蛤蟆先生去看心理医生（热销300万册！英国经典心理咨询入门书，知名心理学家李松蔚强烈推荐）,罗伯特·戴博德，果麦文化 出品,2020-07-01,¥19.00,
病隙碎笔 2021纪念版（史铁生充满灵性光辉的生命笔记，启迪无数读者的长篇哲思散文经典）,"史铁生 著,博集天卷 出品",2021-11-01,¥24.00,
人生海海（麦家重磅力作，莫言、董卿盛赞，连续两年高居畅销榜，发行量超300万册）,麦家  著 ，新经典  出品,2019-04-16,¥27.50,
钝感力（渡边淳一经典励志大作！央视新闻、《奇葩说》鼎力推荐，马东、蔡康永、杨天真、王俊凯推荐书目。写给易因小事敏感，什么都往心里去的人。),渡边淳一著；李迎跃 译;,2018-01-01,¥16.00,
生死疲劳（不看不知道，莫言真幽默！全新版本！）,莫言；读客文化 出品,2022-01-01,¥34.95,
法治的细节（罗翔新作，法律随笔，评热点、论法理、聊读书、谈爱情，人间清醒与你坦诚相见）,罗翔，果麦文化 出品,2021-11-01,¥24.90,
瓦尔登湖（经典新读 中央编译出版社）,（美）梭罗 著，王光林 译 万亭文化 出品,2019-04-01,¥13.40,
你当像鸟飞往你的山（中文版销量超200万册，比尔·盖茨年度特别推荐！登顶《纽约时报》畅销榜80+周，这本书比你听说的还要好！）,塔拉 · 韦斯特弗  著 ， 新经典  出品,2019-11-01,¥34.80,
和古代学霸握个手,急脚大师 著 捧读文化 出品,2022-11-01,¥27.80,
三体：全三册 刘慈欣代表作，亚洲“雨果奖”获奖作品！,刘慈欣,2010-11-01,¥51.20,
陪孩子弯道超车（给家长和孩子的逆袭指南）,吉田 著，磨铁文化 出品,2022-07-01,¥34.10,
青铜葵花（当当定制版）,曹文轩,2015-03-01,¥9.90,曹文轩的作品真的是太棒了文中的哥哥叫青铜，是个哑巴，妹妹叫葵花。在书中，哥哥青铜为了保护妹妹葵花，一整天骑着牛跟着妹妹…这本书曾在：台湾“好书大家读”年度长篇小说类创作最佳奖江苏精品读书奖等。青铜，葵花，两种都是喜爱到不行的，古朴自然，有最初的纯真。那一大篇向日葵，那些坚韧的泛红的茅草，那些芦苇，那一条长长的河流~总感觉回到童年，虽然我的童年从未经历过这些，这些美好的事物，这些泛着忧伤的往事，但是总想着，真是美好，想着就很美好。刚读完曹文轩的《草房子》，很有感情、内容的美文。现在入再手一本《青铜葵花》  支持曹文轩老师首先，这本书我们全班一共买了57本，这本书，是孩子们的老师上完绿山墙的安妮阅读课后推荐的一本书，俗话说，书中自有黄金屋，书中自有颜如玉，那么这本书就可以说是黄金屋，曹文轩笔下的青铜葵花，生动的形象仿佛就在我们的眼前！孩子从一开始被要求看，到自己主动要看，真的是一本好书，青铜葵花之间的少发了一本青铜葵花这本书，能给补发吗？书拿到班里，清点时发现少一本青铜葵花温馨感人的兄妹俩的故事，喜欢青铜葵花以及他们一家人那种不论血缘的相亲相爱，印刷质量好，字体够大，插图也好看。青铜葵花很好看，两个人的生命出现了交集，却总是被命运捉弄，青铜喊出来葵花，很让人感动！上次和孩子一起去上课的时候，看到其他同学拿了一本青铜葵花的书，然后空暇时刻自己看了看，感觉这本书挺好的，所以买来自己先看看，等孩子大点的时候让孩子也看有人问我，你每个暑期都在当当买那么多书，还不断向别人推荐当当，是不是你和当当有亲戚关系。我说我不知道当当是男还是女，只知道这里有好书。可以节衣缩食，不能不囤好书。过了这村没这店啊！大爱大爱。
额尔古纳河右岸（茅盾文学奖获奖作品全集28）,迟子建,2019-06-01,¥19.90,"《额尔古纳河右岸》讲述的是鄂温克族人的变迁。他们敬畏山神，民风淳朴，以打猎和放养驯鹿为生。书中他们对于山川草木的热爱非同寻常。同时萨满为了救人而牺牲自己儿女的事情也实在是让人心酸。这是一本寓意十分深刻的书，它引起我们对了人与自然和谐相处的深刻反思《额尔古纳河右岸》董宇辉推荐这本书的时候我只是沉浸在驯鹿和蓝莓原浆里。书到时我以为书名是《额尔古纳河左岸》查了一下才知道书名就是《额尔古纳河右岸》。把书带上火车一页都没有翻开，看了一眼隔一个座位的乘客在读，感觉好巧。回到家后书不知影踪。前几天听倪萍提起这本书作者迟子建时决定读一读。两天时间囫囵吞枣似的读了一遍。读到驯鹿想起了圣诞老人的鹿。知道了额尔古纳河左岸和右岸是关乎领土问题。书中以“我”展开，父母、爱人、亲人以及子孙后代。一个个相继离开，最后“我”百岁老人依然守着最后的领土。浅浅感觉这是“我”一生的流水账。一生的得到与失去…《额尔古纳河右岸》董宇辉推荐这本书的时候我只是沉浸在驯鹿和蓝莓原浆里。书到时我以为书名是《额尔古纳河左岸》查了一下才知道书名就是《额尔古纳河右岸》。把书带上火车一页都没有翻开，看了一眼隔一个座位的乘客在读，感觉好巧。回到家后书不知影踪。前几天听倪萍提起这本书作者迟子建时决定读一读。两天时间囫囵吞枣似的读了一遍。读到驯鹿想起了圣诞老人的鹿。知道了额尔古纳河左岸和右岸是关乎领土问题。书中以“我”展开，父母、爱人、亲人以及子孙后代。一个个相继离开，最后“我”百岁老人依然守着最后的领土。浅浅感觉这是“我”一生的流水账。一生的得到与失去，一生的爱与被爱。书中萨满妮浩令我敬佩，总是为了救别人舍弃自己的孩子。前两年比较喜欢听樊登读书，后来发现他的见解只能代表他个人观点，不能代表我的想法。书读百遍其义自见。继续深读剖析灵魂深处。非常好的一本书，这本书给了我这个国庆节最愉快的读书体验。一打开，就看到停不下来，全书的语言干净流畅，早上懒觉也不睡了，只为早起继续看书。书中展现了鄂温克族人在森林与河流边的狩猎生活，美丽的大自然让人心生向往。游牧狩猎民族在历史背景下的情感变迁与困惑，引人深思。一直喜欢茅盾文学奖的作品，这本也好。刚看1/5还不太感兴趣，但再看下去就沉浸书中了，那些陌生的名字，那些陌生的事，以一个旁观者的位置跟着走了一路，看了那些人的一生，听着这个民族与森林的一段落幕歌。他们是纯粹的，自然的，值得被铭记的森林的精灵。世界读书日，选了几本茅盾文学奖名著，这本书早就想买了，作为中国第一部描述东北少数民族鄂温克族人生存现状及百年沧桑的长篇小说，很容易让人想起加西亚·马尔克斯的《百年孤独》，虽同样具有魔幻色彩，但迟子建用第一人称叙述更加生动，可读，浪漫且引人入胜。听到这本书名的时候我沉浸在蓝莓原浆的浓郁和纯粹里，读这本书的时候我已忘却了蓝莓原浆,有的只是山间清凉的风，迷朦的雾，绚丽的夕阳，和鄂温克人悠扬的歌声。一个以驯养驯鹿为生的游猎民族与自然和谐相处的历史画卷徐徐展开，他们的信仰与民俗，他们的善良与勇敢，他们对待万物的包容与悲悯，皆让人为之动容。知道有个作家叫迟子建，之前没看过她的作品，后来看一档电视节目《文学的故乡》，对这位作家有了兴趣，于是买了她的这本书。《额尔古纳河右岸》这本书讲述了一个忧伤且诗意的故事，是鄂温克民族的“百年孤独”。整本书由清晨、正午、黄昏、半个月亮四部分构成，也是一个人从幼年到晚年的四段人生经历，以及鄂温克家族从繁荣到日渐式微的变迁，文字优美又饱含深意，不可多得的好书，不愧是矛盾文学奖获奖作品。父亲走了，他被雷电带走了。从此后我喜欢在阴雨的日子里听那“轰隆轰隆”的雷声，我觉得那是父亲在和我们说话。他的魂灵一定隐藏在雷电中，发出惊天动地的光芒。父亲没能换来他梦想的驯鹿，他把母亲的笑声和裙子也带走了。这本《额尔古纳河右岸》我是一口气读完的，因为从开头开始就被深深的吸引进鄂温克族最后一个酋长女人的故事里，无法移开眼睛，无法放开手。她的语言就像鄂温克族人一样，跟大自然融为一体；就像额尔古纳河一样，缓缓的、温柔的、暖暖的流淌进我的心间！那种感觉到现在还在我的脑海里慢慢的回荡！可爱的鄂温克族人就是河流；就是森林；就是山脉；就是自然！他们真诚，纯粹；他们热情，奔放；他们多才，多艺；他们的爱情真挚，火热！他们像风一样自由，想河水一样包容，像森林一样深沉！也许那才是生活本来的样子，与世无争，自由自在，日出而作，日落而息，精神丰足，…这本《额尔古纳河右岸》我是一口气读完的，因为从开头开始就被深深的吸引进鄂温克族最后一个酋长女人的故事里，无法移开眼睛，无法放开手。她的语言就像鄂温克族人一样，跟大自然融为一体；就像额尔古纳河一样，缓缓的、温柔的、暖暖的流淌进我的心间！那种感觉到现在还在我的脑海里慢慢的回荡！可爱的鄂温克族人就是河流；就是森林；就是山脉；就是自然！他们真诚，纯粹；他们热情，奔放；他们多才，多艺；他们的爱情真挚，火热！他们像风一样自由，想河水一样包容，像森林一样深沉！也许那才是生活本来的样子，与世无争，自由自在，日出而作，日落而息，精神丰足，简单而满足！无论是新入坑打算读书的朋友，还是已读过很多本书的有经验的书友，只要你还没有读过这本《额尔古纳河右岸》，强力推荐一定要买来读一读这本茅盾文学奖作品，她绝不会让你失望。看的比较慢，昨天看完，感触很深，里面的“我”，见证了很多人的生和死，里面的妮浩是第二任萨满，为了就别人，却牺牲了自己三个孩子，里面的优美语言我不会叙述，总之，值得一看，昨天看完送我爸看了"
我与地坛（纪念版）,史铁生,2011-06-01,¥16.00,"史铁生的书，有点寂寞，适合一个人坐在安静的林子里，静静读，慢慢想。很早以前读周国平，继而读史铁生，两个人的文字都触及心灵，却又各自不同。看史的文字，脑海里满满地都是时光在额前流逝的样子，我仿佛能看到那个落寞无助的少年，一遍遍徘徊在空寂无声的公园，责问着人生的生与死。我仿佛也看到秋日金黄的阳光洒在斑驳的古树上，地上的每一个坎坷都被映照得灿烂，忽然我也置身在那个金色的时光里，依着那些苍黑的古柏，默默地叩问上帝的安排。史写的文字，总让每个人都想到内心深处的孤独，无可避免的孤独，却并不冷漠，在这个略显得浮躁的世界，我觉得大家都应…史铁生的书，有点寂寞，适合一个人坐在安静的林子里，静静读，慢慢想。很早以前读周国平，继而读史铁生，两个人的文字都触及心灵，却又各自不同。看史的文字，脑海里满满地都是时光在额前流逝的样子，我仿佛能看到那个落寞无助的少年，一遍遍徘徊在空寂无声的公园，责问着人生的生与死。我仿佛也看到秋日金黄的阳光洒在斑驳的古树上，地上的每一个坎坷都被映照得灿烂，忽然我也置身在那个金色的时光里，依着那些苍黑的古柏，默默地叩问上帝的安排。史写的文字，总让每个人都想到内心深处的孤独，无可避免的孤独，却并不冷漠，在这个略显得浮躁的世界，我觉得大家都应该多读读，也是寻找内心安静的一种方式。《我与地坛》是史铁生的散文代表作，是他十五年来摇着轮椅在地坛思索的结果，文章中饱含了作者对人生的感悟，对亲情的讴歌，朴实的文字间洋溢着作者心灵深处的情感，是一部不可多得的优秀作品。　史铁生在二十一岁时因腿疾回北京住院，从此他再没有站起来，在人生最狂妄的年龄忽地失去了双腿。这惨痛的灾难降临到了他头上，对一个年轻的生命来说如雷轰顶。用他自己的话说是“曾一连几个小时专心致志地想关于死的事情”，在经历了一次次心灵与死神的斗争之后，他最终拒绝了死亡。是母亲的爱唤起了他的意志，他决定把自己的心变成一片沃土，母亲已在这片沃土上洒下了第一…《我与地坛》是史铁生的散文代表作，是他十五年来摇着轮椅在地坛思索的结果，文章中饱含了作者对人生的感悟，对亲情的讴歌，朴实的文字间洋溢着作者心灵深处的情感，是一部不可多得的优秀作品。　史铁生在二十一岁时因腿疾回北京住院，从此他再没有站起来，在人生最狂妄的年龄忽地失去了双腿。这惨痛的灾难降临到了他头上，对一个年轻的生命来说如雷轰顶。用他自己的话说是“曾一连几个小时专心致志地想关于死的事情”，在经历了一次次心灵与死神的斗争之后，他最终拒绝了死亡。是母亲的爱唤起了他的意志，他决定把自己的心变成一片沃土，母亲已在这片沃土上洒下了第一把种子。然后，是一对老夫妇、一个唱歌的青年、女教师、长跑运动员、弱智的女孩……无数次给作者鼓励和感动的人无心地创造了一片生命的森林，作者在这里找到了生命的意义，坚强地走了过来。史铁生的书，我是第一次读。他文笔细腻，感情丰富，思想深邃。作者通过对若干人物地生动描写，精准勾画出50-70年代典型人物的悲喜人生。同时，作者是一个身患残疾的病人。正是以这样特殊视角，他细致入微地透析了人们的精神世界。几个包括自己、亲人和朋友在内的鲜明人物，赫然跃于纸上，从这群“小人物”的遭遇中，反映出那一时期政治风云的波澜壮阔以及人们对自己命运的无奈和反思。正因为我是同时代人，所以深有同感。作者当初的感悟和经历，有不少正是我自己的记忆。     文笔很好，朴实无华，惜墨如金，有京味，不卖弄。看似平铺直叙，款款道来，实则蕴含深…史铁生的书，我是第一次读。他文笔细腻，感情丰富，思想深邃。作者通过对若干人物地生动描写，精准勾画出50-70年代典型人物的悲喜人生。同时，作者是一个身患残疾的病人。正是以这样特殊视角，他细致入微地透析了人们的精神世界。几个包括自己、亲人和朋友在内的鲜明人物，赫然跃于纸上，从这群“小人物”的遭遇中，反映出那一时期政治风云的波澜壮阔以及人们对自己命运的无奈和反思。正因为我是同时代人，所以深有同感。作者当初的感悟和经历，有不少正是我自己的记忆。     文笔很好，朴实无华，惜墨如金，有京味，不卖弄。看似平铺直叙，款款道来，实则蕴含深意，给人思想留白。值得保留的好书。                                                 读者：高原《我与地坛》上学的时候就读过，爸爸去世后，又拿来看，泣不成声。没有一个高深的词语，但是字字直戳人心。其中有一句话我抄过很多很多遍。“我甚至现在就能清楚地看见，一旦有一天我不得不长久的离开它，我会怎样想念它，我会怎样想念它并且梦见它，我会怎样因为不敢想念它而梦也梦不到它。买这本书主要是想品味一下另类人生史铁生写出了很多我想过但是形容不出来的文字内容引人入胜合欢花那部分内容以前上学时学过如今读来仿佛就在昨天书本邮递过来保护很好印刷清晰装订有格调是我喜欢的风格书的内容喜欢，喜欢作者细腻的描写，使我浮想联翩，我对这本书有着特殊的情感。可是书里面从193到202页就一直重复，使我的心情跌入谷底，本有着特殊感情的书一下就索然无味，我买的是纪念版，可对于我来说纪念的意义荡然无存！以前学过他的一篇课文，当时老师很推荐我们看，现在有条件买来看看顺便怀念一下。有折损，但是还能接受，不影响。人民出版社的书依旧那么好，很喜欢！总体很好，还是五星了。第一次买史铁生的作品，读了很受感动，特别是妈妈到地坛找他的那段文字，妈妈不仅心疼他，还理解他，只是去找，找到了并不打扰他，可敬的令人疼惜的慈母的心。内容挺好，纸张也没有其他毛病，就是这个字很让人无语。一大段话里突然就会有那么一两个字的字体与别的字体不同，而且不是个例，很多，现在我看到一半，又发现突然出现了几个加粗的字体，奇奇怪怪的。但不影响阅读。开始读这本书是因为有介绍说这里面有作者对生与死的思考，的确作者的这番思考很精辟。但是对于我们大部分处在或正在走向巅峰的年轻人并不怎么会思考死这样的问题。对于人生的迷茫到是有很多，作者以一份精妙的设计向我们解释了目的的虚无和绝望，并教我们以珍惜过程，享受创造过程的美好。"
你也走了很远的路吧（新增2万余字，4篇文章，关于特殊时期成长的勇气，以及曾经的那些人）,"卢思浩 著,博集天卷 出品",2022-09-26,¥24.90,"—你也走了很远的路吧！—是啊，终于又见面了！浩叔叔的书总是不会让人失望，依然我喜欢的那个样子。“It's a Long Journey.你要变成想象中的样子，这件事，一步都不能让”。支持卢大！！！一次意外遇见老卢的书，从此无法自拔！他说:“只要心里有光，就不用害怕黑夜。继续走，不要怕。”他说他是个喜欢先说大话然后去拼命实现它的傻瓜。即便这是一个奔波的时代。喜欢这样的傻瓜，哦不，是喜爱，也羡慕。不得不承认的是有时候就是需要文字的力量支撑着你熬过只有你自己的时光，特别地，那些跟你有一样感触的文字，类似的故事…或许，都能给予你或多或少的力量，安慰你无处安放的情绪…至少我需要。很不错，喜欢卢思浩哥哥的文笔，很暖，让人看到希望，充满阳光去认识生活，故事很好，都是作者所经历的。如果你此刻迷茫可以看看，看看里面的故事，跟作者感受一下生活的乐与苦。真的很谢谢在此刻高三遇见，谢谢，谢谢卢思浩陪我度过高中，接着，高三加油 。真心推荐。你也走了很远的路吧！是啊！等卢大的新书等了很久，终于到货，浩叔笔下的文字依旧让我欣喜若狂。如果不能并肩同行，那就假装恰好路过。?虽然你不知道这恰好路过的背后，是向着你的方向一路飞奔。?卢大在新书中记录了很多关于亲情、友情、爱情故事。故事中的他（她）折射着现实生活中的你和我，讲述着每个人在这个年龄都会遇到的事情，或苦或甜，或涩或酸，都是成长的必备剂，都会对你的人生产生影响，无论一帆风顺还是受尽痛楚，请你稍作歇息，继续向前。笔触下的文字满蕴着希望，充满着阳光，感染着每一位读者。也成了鼓励我从高中到大学在至毕业源源不竭的精神…你也走了很远的路吧！是啊！等卢大的新书等了很久，终于到货，浩叔笔下的文字依旧让我欣喜若狂。如果不能并肩同行，那就假装恰好路过。?虽然你不知道这恰好路过的背后，是向着你的方向一路飞奔。?卢大在新书中记录了很多关于亲情、友情、爱情故事。故事中的他（她）折射着现实生活中的你和我，讲述着每个人在这个年龄都会遇到的事情，或苦或甜，或涩或酸，都是成长的必备剂，都会对你的人生产生影响，无论一帆风顺还是受尽痛楚，请你稍作歇息，继续向前。笔触下的文字满蕴着希望，充满着阳光，感染着每一位读者。也成了鼓励我从高中到大学在至毕业源源不竭的精神动力。你也走了很远的路吧，街角的霓虹灯亮了又暗，暗了又亮，见识了夜间的车水马龙，人情过往，步伐不停的衡量了一个城市的方圆，一天的卡路里也已消耗殆尽。如果觉得累，没关系，那我陪着你，陪你一起走到出头的那一天。卢思浩，谢谢你陪伴我这么多年，与我一同成长，你成了我坚持在纸质书的唯一理由。最后，坐等浩叔签售活动~祝你早安午安晚安凌晨2时还在捧着卢大的新书，卢大在新书中写到：“我知道，你走了很远，走得很累；但希望你还能遇到让你坚定的人和事，真心不被辜负，信任的人都值得。”瞬间为袭来的孤独感而泪流满面。在这个真情总被无情笑的时代，我们或悲或喜，或忧或愁，不同的人生过往，却惊喜又悲伤的在卢大的文字中看到了自己曾经愚笨的影子，想起了自己曾经为喜欢的男孩子而丧失了自我。卢大笔触下秉持着一如既往的温暖，清新，在前行的路上，予我们以力量，把生活写成故事，熬成汤，一瓢一瓢精心酿制，很多瞬间，会让我觉得，说的就是我自己，只是无论相遇、离别…祝你早安午安晚安凌晨2时还在捧着卢大的新书，卢大在新书中写到：“我知道，你走了很远，走得很累；但希望你还能遇到让你坚定的人和事，真心不被辜负，信任的人都值得。”瞬间为袭来的孤独感而泪流满面。在这个真情总被无情笑的时代，我们或悲或喜，或忧或愁，不同的人生过往，却惊喜又悲伤的在卢大的文字中看到了自己曾经愚笨的影子，想起了自己曾经为喜欢的男孩子而丧失了自我。卢大笔触下秉持着一如既往的温暖，清新，在前行的路上，予我们以力量，把生活写成故事，熬成汤，一瓢一瓢精心酿制，很多瞬间，会让我觉得，说的就是我自己，只是无论相遇、离别、还是重逢，都是路上的风景。“如今我走过很多地方，也算是看过世界辽阔，却依然觉得故乡最好。就像你看遍了银河，也依然独爱你最钟爱的那颗星”。因为热爱，所以坚持，无法妥协，所以拼命。在薄情的世界，请深情的活着，遇见卢大的文字就成了我最大的幸运。如果再次遇见曾经的男孩子，我想对他说:“祝你早安午安晚安”。感谢卢大予以我的感动！如果有人这么问你，为什么还要看纸质书，为什么还要去写信，为什么还要不远万里去见一个人。你告诉他：因为你偏要在这个薄情世界里深情的活          ——摘自卢思浩《你也走了很远的路吧》（Ps：拿到了卢大的亲笔 灰常开心 可19号你来上海我去不了）你也走了很远的路吧，一路跌跌撞撞坚持到这里。那么未来也请你坚定的走下去。这些年在卢思浩身上学到很多东西，那么，谢谢你，会陪你从现在到未来，做彼此的安全感。（卢思浩签个名都是爱我的形状）#你也走了很远的路吧 #新书预售就入手了现在刚刚开始读卢大大的书 总是会让人在里面看到一些身影我们的 他们的或者那些遥远存在的书籍美好的地方在于它以陌生而又熟悉的文字 给你温度而我们在这样的温度里 会走很远很远 却不觉得孤独终于等到啦，一直都喜欢卢大的书。你要忍，忍到春暖花开；你要走，走到灯火通明；你要看过世界辽阔，再评判是好是坏；你要铆足劲变好，再站在不敢想象的人身边，旗鼓相当；你要变成想象中的样子，这件事，一步都不能让。那26号合肥见暖男卢思浩的新书 跟他人一样 温暖细腻，书里的很多故事贴近生活，是我们每个人可能要经历的，让人感触颇深，犹如他的书名：你也走了很远的路吧……"
被讨厌的勇气：“自我启发之父”阿德勒的哲学课 岸见一郎,"岸見一郎, 古賀史健",2020-03-05,¥27.50,拿到这本《勇气》，一口气从序言翻到后记，才惊觉时间已快一点。上一次像这样熬夜看书，都记不起是什么时候了。书中有一些理论对我来说是全新的。比如说「课题分离」这个说法。阿德勒认为在人际关系上，要将自己和别人的课题分离，只解决自己的课题，同时尊重别人的课题。因为别人如何对待你、要怎么做，那是别人的课题，你根本无法左右。同样的，你也有你的课题，也是别人无法涉足的，只能靠你自己。人际关系之所以出现问题，正因为我们混乱了彼此的课题。这个观点将我以前一些模模糊糊的认知进行了高度提炼，让我一下子认清了人际关系的本质，同时也直接改变了我与…拿到这本《勇气》，一口气从序言翻到后记，才惊觉时间已快一点。上一次像这样熬夜看书，都记不起是什么时候了。书中有一些理论对我来说是全新的。比如说「课题分离」这个说法。阿德勒认为在人际关系上，要将自己和别人的课题分离，只解决自己的课题，同时尊重别人的课题。因为别人如何对待你、要怎么做，那是别人的课题，你根本无法左右。同样的，你也有你的课题，也是别人无法涉足的，只能靠你自己。人际关系之所以出现问题，正因为我们混乱了彼此的课题。这个观点将我以前一些模模糊糊的认知进行了高度提炼，让我一下子认清了人际关系的本质，同时也直接改变了我与人的相处方式。墙裂推荐的一本书！一口气看完的书不多，对话精彩，一步步慢慢的引导读者的思绪，有共鸣又有疑问，又慢慢认同，很受启发，我想我也“喝水了”，特别感谢遇到这本好书，对我来说太受用了！看完立马订了续集，幸福的勇气。对话的形式让人看得很轻松，人生的哲理全蕴含其中了。很多人活得都不自由，也不是真的幸福，这是值得深思的问题啊。很多人都推荐了这本书，一定要好好读，希望能有所感悟。边看边做笔记所以看得慢。有时候你无意中拿起的一本书可能会改变你的一生，这本书就是我的世界观转变之“贵书”。感谢阿德勒和岸见一郎、谷贺史健，让我了解到人生是可以这样来看待的。深受启发，这本书通过哲人与青年的对话，尖锐地揭示所有的一切的出发点应该是自身，而不是一味地从外界出发埋怨外界种种因素;其次，目的论颠覆了以往的因果论，我们每每做一件事或一个决定，都有一个隐藏的目的。总而言之，一本宝藏书籍。这本书包装挺好，没有受损。喜欢。现在，你眼中的世界呈现出复杂怪异的一片混沌。但是，如果你自身发生了变化，世界就会恢复其简单的姿态。 因为，问题不在于世界如何，而在于你自己怎样。纸质很好啊，我家大张伟演唱会上给推的书，要看要看，看了第一章，书中的内容都是以对话的形式进行的，希望自己能有所感悟这本书让我开始重新思考生命的意义，很多观点都让我有当头棒喝、醍醐灌顶之感，读起来十分痛快，恨不得一晚上读完，可读完后，你却希望再多读一遍，慢慢咀嚼，让回甘在脑中持续得久一些。判断一本书的好坏在于这本书带给人多少新思考和改变，我相信，等过一段时间再读它时，又会有不一样的感受，也许我已经潜移默化的在实践着其中的教义，会有更深的共鸣。哲人说，是我们主动选择了自己的生活方式。是的，我们每个人在小的时候，对过往发生的种种事情，在心里就会做出自己的选择，自己的决定。以前在书上看到过这样一个例子：一对夫妻有三个孩子，丈夫对妻子不好，经常家暴妻子，孩子们都看在眼里。大儿子看到的是暴力能解决问题，所以他选择了像他父亲一样地暴力对待妻子。二儿子看到的是母亲很可怜，他选择要像保护他母亲一样的保护他的妻子。三儿子看到的是婚姻的不幸，所以他选择不结婚。所以，我们的人生是可以选择的。既然可以选择，那我们是可以改变现在的生活方式而选择另一种生活方式。哲人还说，要有摈弃现在…哲人说，是我们主动选择了自己的生活方式。是的，我们每个人在小的时候，对过往发生的种种事情，在心里就会做出自己的选择，自己的决定。以前在书上看到过这样一个例子：一对夫妻有三个孩子，丈夫对妻子不好，经常家暴妻子，孩子们都看在眼里。大儿子看到的是暴力能解决问题，所以他选择了像他父亲一样地暴力对待妻子。二儿子看到的是母亲很可怜，他选择要像保护他母亲一样的保护他的妻子。三儿子看到的是婚姻的不幸，所以他选择不结婚。所以，我们的人生是可以选择的。既然可以选择，那我们是可以改变现在的生活方式而选择另一种生活方式。哲人还说，要有摈弃现在的生活方式的决心，要有获得幸福的勇气。就是我们现在经常说的要走出生活的“舒适区”，选择另一种不同原来的生活方式，面对不确定的未来人生，这是非常需要勇气的。基本上每一句都能颠覆我的价值观，也许我早就需要阅读一本这样的书来重新改变我对身边事情的看法了。
真希望你也喜欢自己（房琪shou部作品重磅上市！写给所有年轻人的成长通关秘籍！杨天真、大冰、鲁豫、张含韵诚挚作序推荐。）,房琪kiki 著，磨铁文化 出品,2022-09-28,¥37.30,喜欢自己的人，才会信任自己。信任自己的人，才会对自己选择的那条路、走上那条路的姿势、走完那条路的方式，坚定不移！真希望你也喜欢自己～包装很好，有外包装白色气泡袋，内纸盒包装，还有塑封膜。纸张不错，比较厚，印刷也清晰。里面有一封信。打开看了一会儿，还比较喜欢。房琪的文字好有力量，给朋友看房琪写的信朋友说好高级。入股不亏也许是美，也许是感同身受，也许是回忆。一本看完总有眼泪留下来，为了自己。纸质很多地方都不干净！因为看了房琪的视频，才想着看看她写的书，感觉房琪的旅行与文字的搭配，让人向往又充满想象，文字里有一种古灵精怪的跳脱，真实又可爱，希望房琪能继续走喜欢的路，分享更多的美景，散发自信和魅力～本大一学生一定要说这本书真的做得太棒了！你是谁、你要去哪里、你该如何抵达、你会选择什么样的战友、你该如何把自己变成方法，房琪姐姐毫无保留的分享真的让我受益匪浅。我永远喜欢房琪姐姐！挺好的励志书，对于即将踏入社会的学生或是涉世未深的人来说是值得读的，房琪在书中遇到的问题，提到的经验以及解决问题的一些思路都有值得借鉴的地方，仔细感悟一下对以后的人生路还是有所裨益的在琪琪直播的时候买的，很超值的一本书，毕竟对我们学生党来说，经济方面还是考虑的，好在这本书很实用，能学到知识！看了这本之后发现偶尔看看励志书也不错，快毕业了，要真正面对社会了，主要是能找到很多共鸣，然后激励自己吧从20年开始喜欢房琪，看着她一点点被大家知道，这本书还原了我不知道的房琪，原来真的有人温柔又有力
带壳的牡蛎是大人的心脏（当当专享签章版+作者亲绘贴纸。火爆全网现象级漫画，白茶、沈月、阮筠庭、文森特动物园推荐！）,拟泥nini 著绘  时代华语 出品,2022-09-01,¥40.80,感谢作者创作出这么真诚的作品，《带壳的牡蛎是大人的心脏》这个故事虽然已经在公众号看过了，但是再看一遍还是哭了。特别是工作一周之后感受更深，生活真的好累啊。nini画风可爱的同时又很有内容很推荐给大家！唯一不开心的是当当网包装不太好，书收到的时候表面有重重的压痕！超棒的漫画书！看完感觉自己又何尝不是阿猪，在这个快时代能看到这种让人深思的漫画真的很治愈我爱nini！！！“如果难过的话，就往前跑吧。越往前跑，就离今天的难过越远。远到再也看不见了。”“可是有些难过不管跑多远都看得见。”“重要的是跑下去啊，跑下去，总有一天会看不见。”故事感这么强的漫画书第一次看，作者太细腻了，超喜欢向日葵花园系列非常好的书，翻开书本的刹那，感觉自己瞬间被治愈了，推荐。柠檬、苹果、梨等脸裂开那篇，乐死我了。也好喜欢小猪在最后说的那句：就算现在不棒，以后也会很棒超治愈啊，和第一篇故事中的小猫有着一样的遭遇，看流泪了，现在我要变成大人，保护妈妈了好有质感的一本书啊！自己买了一本，又给朋友买了一本，哈哈我最爱的阿猪和阿兔啊，你们太可爱了，我要将你们带回家
活着（余华代表作，精装，易烊千玺推荐阅读）,余华  著 ，新经典  出品,2021-10-01,¥31.00,虽然已经读过多遍，看到《活着》出了新版还是毫不犹豫地购买，毕竟是我的文学启蒙书之一。附赠手稿让人感受到文字的温度，值得收藏一下。特别喜欢余华老师的《活着》，这次看手稿曝光立刻买了。这本书对我有特别的意义，打算找个框把这个手稿裱起来试试，哈哈《活着》是余华的代表作，这么经典的作品一定要买来读一读。正好赶上新版出了，还送了余华的手稿复刻，好惊喜！余华的每一部长篇小说，都震撼着一批又一批的读者。他的长篇小说是中国当代文学中的经典之作。也是一位我很喜欢的当代作家。 电影《活着》根据余华同名原著小说改编，1994年由张艺谋执导，葛优、巩俐等主演。《活着》是一个中国老百姓大悲大喜的故事，影片透过主人公富贵的一生遭遇，以贴近生活的小人物通俗剧风格，涵盖着人在历史中的命运无法掌控的生命之痛，部分反映数十年来中国老百姓的命运观。在这一部两小时的电影，记录了近代中国的变迁。我忘不了巩俐在深巷里的痛哭。也忘不了一户人家，命运经历了大起大落，痛苦有过，幸福也有，终究还是活着。此时此刻我们…余华的每一部长篇小说，都震撼着一批又一批的读者。他的长篇小说是中国当代文学中的经典之作。也是一位我很喜欢的当代作家。 电影《活着》根据余华同名原著小说改编，1994年由张艺谋执导，葛优、巩俐等主演。《活着》是一个中国老百姓大悲大喜的故事，影片透过主人公富贵的一生遭遇，以贴近生活的小人物通俗剧风格，涵盖着人在历史中的命运无法掌控的生命之痛，部分反映数十年来中国老百姓的命运观。在这一部两小时的电影，记录了近代中国的变迁。我忘不了巩俐在深巷里的痛哭。也忘不了一户人家，命运经历了大起大落，痛苦有过，幸福也有，终究还是活着。此时此刻我们都活着。看过电影，没有看过原著的我，特地去看完了这本《活着》，当我看完后我发现原著要比电影还有震撼，简单平淡的语言，真实感人的故事，没有过分的深情渲染，华丽的描写手法，却能打动人心。比电影多了很多细节，有很多很黑暗的地方被电影略去了，其实很多内容还是很深刻的。这部作品的名字叫《活着》，作为一个词语，“活着”在我们中国的语言里充满了力量，它的力量不是来自于喊叫，也不是来自于进攻，而是忍受，去忍受生命赋予我们的责任，去忍受现实给予我们的幸福和苦难、无聊和平庸。作为一部作品，《活着》讲述了一个人和他的命运之间的友情，这是最为感人的友情，因为他们互相感激，同时也互相仇恨，他们谁也无法抛弃对方，同时谁也没有理由抱怨对方，他们活着时一起走在尘土飞扬的道路上，死去时又一起化作雨水和泥土。在《活着》中每一个人的离去，都平淡得让人心碎。福贵的爹死在村口的的粪缸旁，有庆因为抽血过多而死去，还有凤霞家珍二喜甚至只有五岁的苦根……每一个平静的死去，心里就忍不住酸楚多一分。纵然作者没有用太多的笔墨去描述场景，也没有将悲惨画面道得详尽，但那些悲凉已经悄悄吞噬心房，让眼泪瞬间地崩溃。  我不知道是什么触动了我的心灵。也许是有庆。这么一个纯真懂事的男孩。在那个年代，连粥汤都喝不到，饿了只能趴在池塘那喝几口水，却记得每天拔草去喂羊，自己饿的像根柴火，不停地提醒父亲不要把羊卖给肉铺子的。在学校号召大家要给刘县长的女人鲜血的时候，着急想跑到最前面。当告知自己的血型吻合的时候还高兴得不得了，乖乖地伸出干瘪的手，被抽到心跳停止……这件事情的发生完全措手不及，我是说对于我，作者当然游刃有余，将一把刀插进我的心里，也不留时间给我哀悼，没几页，就把这个孩子给翻了过去。  是社会的无奈，还是黑暗。是责备那些医生，还是那个县长……我不知道。但凡有那么一个人，有那么一点慈悲的心，这个孩子都不至于以这种方式死去。这个书中虚构的人物，却让我感知到，这个世界真的有这样的人生存在那样的环境之下。弱小无力天真懂事，却被别人给扼杀《活着》作者以第一人称叙述的方式书写了“我”在乡下游历时听到的福贵跌宕起伏的人生故事。“我比现在年轻十岁的时候，获得了一个游手好闲的职业，去乡间收集民间歌谣。”在乡下采风的时候，“我”遇见了福贵，一位普普通通的乡间长者。在和福贵的交谈中，他向“我”讲述了他的故事。而在福贵讲述的过程中，小说采用的是福贵的第一人称叙述，而非常见的第三人称叙述，因而也取得了别样的艺术效果。这样的艺术效果，别具一格。在作者看来如果从旁观者的角度来写，那福贵的一生里则除了苦难还是苦难，而当福贵从自己的角度出发，来讲述自己的一生时，他苦难的经历立刻充满了幸福和欢乐，他相信自己的妻子是世上最好的妻子，他相信自己的子女也是世上最好的子女，还有他的女婿她的外孙，还有那头也叫福贵的老牛，还有曾经一起生活的朋友们，还有生活的点点滴滴……在福贵的世界里，做人，首先就是活着，能与自己的亲人活着，那便是幸福了。生命是属于每个人自己的感受，不属于任何别人的看法。喜欢这样一本好书，没有控诉无意褒贬，只是默默地生、努力的活。一次次看到命运对他们无情加码，似乎要被虐亡，然而一次一次，始终没有倒下，又默默弓起腰生活，虽然被压得一寸寸低下去，还是要活着，活着就好。让我们看到了生活的绝望，也看到了生命的韧性。看了作者的序，才对书名“活着”有了一些认识：福贵年轻时混账度日，活着就是当一天和尚敲一天钟；被拉去打仗，为了回到妻子儿女身边要努力存活下去；回乡后，经历人民公社化运动、文化大革命，家里条件每况愈下，但是妻子贴心，儿女懂事，家庭美满，活着有了幸福的意义。虽然他后面接连失去了儿女、妻子、女婿和孙子，但他曾经有过幸福和喜悦、磨难和痛苦，可以说没有白白度过一生。最后直到福贵自己孤身一人，唯一头老牛陪伴，没有了任何牵挂，他才开始纯粹地、不为任何目的地活着。福贵前半生如此混账，又经历了诸多磨难，最后却唯他一人苟活于世，他是幸运的。同时…看了作者的序，才对书名“活着”有了一些认识：福贵年轻时混账度日，活着就是当一天和尚敲一天钟；被拉去打仗，为了回到妻子儿女身边要努力存活下去；回乡后，经历人民公社化运动、文化大革命，家里条件每况愈下，但是妻子贴心，儿女懂事，家庭美满，活着有了幸福的意义。虽然他后面接连失去了儿女、妻子、女婿和孙子，但他曾经有过幸福和喜悦、磨难和痛苦，可以说没有白白度过一生。最后直到福贵自己孤身一人，唯一头老牛陪伴，没有了任何牵挂，他才开始纯粹地、不为任何目的地活着。福贵前半生如此混账，又经历了诸多磨难，最后却唯他一人苟活于世，他是幸运的。同时福贵家人的不幸离世在那个年代，是很可以理解的。当时条件不好导致身体素质差等等，也是其中悲剧的诱因之一。于是觉得如今的和平真的来之不易，好好活着啊。在买这本书之前读过一遍《活着》，被在那样的环境下走过的福贵的故事震撼到了。当面对命运的坎坷，当身边的人一个一个地离开，很多时候都是无能为力的，也只能带着这种无力感被时间推着继续向前走，简单地活着，为活着而活着，最终归于平静……好书值得再读，这个版本我非常喜欢，值得收藏。对于余华笔下的这个故事。老谋子用电影讲述的，我始终未看。电影似乎只是拍摄了全书的一部分，而并未将整个故事讲完。后来的电视剧版倒是从头拍到尾，但是到底还是没有完全按照原著来拍。它给观众留了一个充满希望的结局，不至于显得太过悲凉。而原著小说读起来所带给读者的，似乎真的是充满的太多的心酸与无奈。福贵的一生真可谓是坎坷不平的。家财散尽，妻儿尽失，连最后唯一的希望，小外孙都意外的死亡，只剩下一头老牛作伴。这样的人生是不是太过于凄惨？可其实这就是每一个人生命中都会经历到的，只要这个人活的比他的亲人时间要长。他就会不断的面对失…对于余华笔下的这个故事。老谋子用电影讲述的，我始终未看。电影似乎只是拍摄了全书的一部分，而并未将整个故事讲完。后来的电视剧版倒是从头拍到尾，但是到底还是没有完全按照原著来拍。它给观众留了一个充满希望的结局，不至于显得太过悲凉。而原著小说读起来所带给读者的，似乎真的是充满的太多的心酸与无奈。福贵的一生真可谓是坎坷不平的。家财散尽，妻儿尽失，连最后唯一的希望，小外孙都意外的死亡，只剩下一头老牛作伴。这样的人生是不是太过于凄惨？可其实这就是每一个人生命中都会经历到的，只要这个人活的比他的亲人时间要长。他就会不断的面对失去的痛苦。主人公福贵这辈子既享受过也倒霉过，既因祸得福过也因福得祸过。他不过是一个平凡而又普通的小人物，而对于这样的小人物来说，活着即是一切。哪怕遭遇与打击一次次的袭来，亲人一位位的离去，最后只剩下福贵一人留在这世上，他依然能够坦然的活着，能够将这一生的故事讲述给别人来听。这倒不是福贵的内心有多么的强大，也不是他的性格有多么的坚强。而是他似乎明白了人生的真正意义其实就是活着。不管经历过什么，失去过什么，只要生命尚且存在，日子总是能够过下去的。人若心存高远，志在四方，固然是一件好事，真若心愿达成，也不枉此生。但这并不代表像你我与福贵这样的小人物的平凡一生就是浑浑噩噩。其实每一个人的一生经历都是一部书一出戏，只不过是悲喜长短不一而已。只要生命存在，人还活着，这出戏就尚未落幕，就必须一直演下去，而活着就有无限种可能的存在。就像这个故事的最后所记述的那样。卖牛的告诉福贵，他买的老牛最多只能活两年三年，而福贵却很知足，他认为自己恐怕还活不过老牛。结果他们却出人意料的活到了今天，被别人说是“两个老不死。”人生的事情，跌跌撞撞，起起伏伏，是是非非，谁又能够完全讲得清楚呢。能活着就是一种满足。活着就好。至少书中的福贵是这样认为的。一首美国的民歌，寥寥数行的表达，成长了福贵动荡和苦难的一生，也是平静和快乐的一生。余华的文字，在深渊中跳舞，似跌入一个不可逆的空间，生命的底色在他笔下是那样赤裸裸的真实，触及他们生活的质地，撕扯着你的神经，苦中作乐。或许，根本不必探寻什么意义，活着本身，就是最大的不易。想起沈从文描绘的湘西人的生活，也是这样一种本色，再见一些所见过人类的残酷，追出那些眼泪同笑声的损失。在字里行间中，可以读到沉重的悲悯，阵阵刺痛。尼采说过，凝视深渊过久，深渊将回以凝视，好象生死并无抉择。余华用冰冷的语调写尽了人生的悲哀，峰回路转后又陷入绝路…一首美国的民歌，寥寥数行的表达，成长了福贵动荡和苦难的一生，也是平静和快乐的一生。余华的文字，在深渊中跳舞，似跌入一个不可逆的空间，生命的底色在他笔下是那样赤裸裸的真实，触及他们生活的质地，撕扯着你的神经，苦中作乐。或许，根本不必探寻什么意义，活着本身，就是最大的不易。想起沈从文描绘的湘西人的生活，也是这样一种本色，再见一些所见过人类的残酷，追出那些眼泪同笑声的损失。在字里行间中，可以读到沉重的悲悯，阵阵刺痛。尼采说过，凝视深渊过久，深渊将回以凝视，好象生死并无抉择。余华用冰冷的语调写尽了人生的悲哀，峰回路转后又陷入绝路，于是太多的悲怆过后反而有种彻底的平静。这是一部充满血泪的小说。通过一位中国农民的苦难生活讲述了人如何去承受巨大的苦难；讲述了眼泪的丰富和宽广；讲述了绝望的不存在：讲述了人是为了活着本身而活着……说的是活着，却讲述了一个又一个的死亡。小说中的主人翁福贵是民国时期的一个地主家的少爷，年轻时由于嗜赌放荡，输尽家财。父亲被气死后，福贵一家成为佃农，并很快被国军抓壮丁卷入国共内战。随着内战、三反五反，大跃进，文化大革命等社会变革，他的人生和家庭也不断经受着苦难，所有亲人都先后离他而去，仅剩下年老的他和一头老牛相依为命。余华因这部小说于2004年3月荣获法兰西文学和艺术骑士勋章。时代变迁，命运浮沉，生活的戏剧化让人始料未及，每个人的命运都被时代裹挟着前行，都如同浮萍，终究一切归于尘土。整部小说带来的恐惧感、窒息感让人得忍着心肠看，却又忍不住掉眼泪。因这部小说，我还去看了陈创的电视剧版《福贵》和葛优的电影版《活着》，剧版几乎全面超过了电影版。《福贵》这部戏笑中带泪，坎坷生活中寻找生存的希望，无论是对原著主要人物的还原还是次要人物的延伸都很出色，人物角色丰满，细节间铺满张力，其中胡老师的人物创作和花鼓灯的情节设定尤为绝妙。整部戏平实质朴，没有对时代的激烈控诉，但却把一切小人物大时代的悲哀展露在你面前。每个人都在承受苦难，每个人都在尽全力生活，比电影版人物塑造更丰满，剧情更完整，多了一些温情和诙谐。陈创在此剧中的表演已经不能用演技精湛去形容，因为他让人觉得他就是福贵，已与角色合而为一。电视剧比小说更侧重的是中国的变迁，比张艺谋、葛优的电影更接地气。从小说到现实，福兮祸兮，命运难料，将空间和历史重现在银屏的梦境中，这既是一部家族史，也堪称一部民族史诗。小说里没有的线索，在电视剧和电影里却都有了堪称主线的设定。电视剧里是花鼓灯，电影里是皮影戏。在剧里，花鼓灯的印象尤为深刻，福贵因花鼓灯与家珍结缘，年幼的有庆因为抽血而离世，福贵埋葬他以后，就在他坟前不停地跳花鼓灯，那一幕，让我泪水奔溃而出。 同样的场景在家珍去世时又上演了一次，福贵在快要离开人世的家珍面前跳花鼓灯，跳啊跳啊，一边跳一边笑，老泪纵横，他跳进了对往昔的回忆里，那巨大的哀痛反而通过轻飘飘的花鼓灯展现出来，让人悲恸难抑。电影版《活着》太“活着”了，有一种强烈的说教意味，个人并不喜欢。剧版《福贵》人物更加饱满，娓娓道来，残酷中泛着温情，让你对苦难和坚强有更深的领悟。福贵、家珍的不离不弃，凤霞、有庆的姐弟情深，满仓一家和福贵一家的邻里之谊，尤其是增设的凤霞和胡老师的初恋，胡老师和有庆的师生之情，二喜的爱与厚道及敢于承担，它讲述了一个人该怎样活着，讲述了眼泪的宽广……小说最后结局是苦根病中很饿，吃了很多豆子被撑死了，福贵又要一个人向前生活。 而剧版和影版中的苦根（馒头）还活着，少了点原著的悲怆感 ，谱写一曲时代变革下的百姓悲歌，在人们阴沉的心上终于投上一抹亮色。福贵的一生，让我们看到了中国那几十年的风雨变迁。其间真情让人感动，死亡让人悲伤；而，福贵的活着，又让人充满希望。 这也让我想起自己的大爷爷。大爷爷年少时，有一天正在给牛铡草，突然来了抓壮丁的，情急之下，爷爷把右手食指伸进去，把右食指上半截给铡了。因为不能扣动扳机，不能去打仗，故因此逃过了一劫。我幼时常摸着他那半截已磨得圆滑的食指，听着爷爷笑着说这些，仿佛岁月的冷刀在他身上并没有刻下痕迹。同样是抓壮丁的一幕，福贵就没有爷爷这么幸运。福贵在去城里给娘请郎中时被抓壮丁，跟着北去的炮队越走越远，饥寒交迫，死里逃生 ，就这样过了将近两年后，在解放军的帮助下，满身泥土踏上家乡的路。被生活逼到了绝路，依然存有活着信念的福贵，没有福气也没有富贵的福贵，他的福贵来自于妻子家珍，在他落魄后妻子家人对他不离不弃，不幸的是这些人都离开了他，只剩他一个人活着。小说中印像最深的就是福贵家人一个接一个的死亡，努力生活的人却只能在残酷下苟延残喘，如百年孤独最终一个家族覆灭。一家人幸福在一起，成了活着的最大奢望。我相信文字的力量，相信戏剧的力量，我更相信活着本身带来的力量。一口气看完了，我还会看第二遍第三遍…那样的人生，却还是要活着…人啊，就是为了活着而活着余华的活着我第一次看时就已深深地震撼了我 文中的一个又一个的悲剧将这本小说推向高空 一夜之间所有的美好破灭 想起书中前言说到有人曾问过余华 这本书那么悲惨为何不叫生活 我想 历经沧桑和伤害不管心里多伤痕累累 我们仍要勇气活着!
长安的荔枝,"马伯庸 著,博集天卷 出品",2022-10-31,¥29.00,马伯庸，以一个九品小吏的视角，写了一个有原型历史的小说。故事很短，道理无穷，书与人，皆如人与人之间，相识尔尔，莫在于缘分有时。原以为在古代物流不发达的情况下，博得妃子一笑最难的制约因素是空间距离，却原来任何时候最大的阻碍都是人心…4小时读完，很是精彩！！！读完有感:1.不要瞧不起身边任何一个人，哪怕职位低微，也许有一天，Ta都有可能帮上你。2.和光同尘，雨露均沾，花花轿子众人抬。3.自己有过人的本领，才不至于被挤出局。4.对谁，最好都能做到态度好。5.好朋友就是这样～你忘了带酒，但我还是愿意给你拿丹荔。很小巧的一本书，里面的地图让我想收拾收拾东西直接去闯荡江湖！当初是一位老师推荐的，讲的是古代人打工的故事，个人觉得这本书早晚会被拍成电视剧，拭目以待原来职场搁哪个时候都一样都会有被领导同事坑、都会有被其他部门踢皮球、都会有你干的好显得别的同事不作为被穿小鞋或者使绊子的…还真的是只有自己强大了，最终才能成事儿…打工人共勉了感觉读来非常顺畅，不需要预先铺垫，直接被这个故事吸引，不知不觉间已看了许多，让人情不自禁地读下去。读此书也更像是在读一部古代职场史，也非常励志，让人精神振奋！马伯庸是一个奇才真的很会编故事，我差一点以为这就是真实的唐史。很好看，是在看完显微镜下的大明之后微友雪原推荐看的。很喜欢的一本书。这本书已看到三分之一说了如何在生存面对难题如何去应对为了荔枝博杨贵妃一笑圣上就要底下想尽各种办法去完成一口气读完，意犹未尽。一句一骑红尘妃子笑，衍生出这本小册子。脑洞大开。一句流程是弱者才要遵循的规矩，道尽规则，入木三分。时代的一粒沙，小人物的命运。都说历史可读成当代史，马伯庸更干脆，把历史故事写得完全当代。桂花树上挂满了荔枝，对于结局他没有失败却失去了太多，统统不足为奇。
蛤蟆先生去看心理医生（热销300万册！英国经典心理咨询入门书，知名心理学家李松蔚强烈推荐）,罗伯特·戴博德，果麦文化 出品,2020-07-01,¥19.00,幸运的阴郁症患者蛤蟆遇到了专业的苍鹭心理咨询师，但他的幸运首先是朋友们给的，因为如果没有河鼠、鼹鼠和獾，他可能已经自杀在蛤蟆庄园了。世界上没有一个生命体是独立存在的，也并不是所有的生命体都了解自己所处的状态，蛤蟆在苍鹭的引导下认识和了解到了自己，找到了真正的病因，获得了重生。是一本值得反复阅读的书！超级赞的辅助疗愈、心理学入门的书，没有无聊的案例与说教，也没有晦涩难懂的专业术语，整本书读起来很轻松，不知不觉被“苍鹭”引导着，和蛤蟆先生一起开始了一场疗愈历程。听过很多情感专家讲“要跟自己和解”但是并没有真正得到“跟自己和解”的方法，在这本书里不仅get到了原理，还和蛤蟆先生一起运用了起来，治愈自己的同时，也获得了充足的能量和方法，去和孩子相处，守护孩子的童年。帮助孩子搭好情感的底层架构。这是一本通俗易懂的心理学书籍，深入浅出且生动的讲述了一个人如何寻找真我，与自己对话且做出改变的故事，深受启发，适合一读再读。童年的经历、尤其是与父母相处的过程，影响了我们看待事物的方式&处理事情的方法；那时的感受和视角被固化、成为了后来“无意识”的情绪和行为。有段时间很多人讨论“原生家庭”、大家发现自身的很多问题都源于儿时的亲子关系。只是许多人到此为止就自发打住了——找到了责备的对象便不必扛责任。就像，恨一个人很容易、尤其是亲近的人，因为只要贯彻这种情绪就不必去想“为什么”、不必去试图了解对方、不用因为发现他们也是受害者而纠结。可说到底情绪是自己可以控制的、也就必须为此负责。总不能一边喊着要独立自主、一边把自己的不开心全部归咎于别人吧。通过蛤蟆的咨询，呈现岀一个抑郁症患者从找岀病因到获得新生的故事。让大多数人了解抑郁症患者的内心感觉，以及人生经历的重要性，怎么过往往是自己选择的。最重要的是苍鹭作为咨询师的引导和剖析，给读者科普了抑郁症患者心理治疗的层层关联。看了前几章有点不舍得看的感觉，太爱这本书了！！里面有很多话都能引起强烈的共鸣，金句太多，都是精华！很治愈。很少有父母要故意伤害自己的孩子，可是，父母也是人，会不可避免的把他们的观念和行为传递给后代，正如他们一定会把自己的基因传给下一代一样。很奇妙的会有代入感，看到婴幼儿调整行为来适应特定情形时候，想到的是自己的宝宝，对于我和其他人愤怒的场景应该害怕却无助吧。希望通过此书可以拯救自己，让自己成为一个性格上优秀的妈妈，为自己的宝宝创造一个棒棒的童年。机缘巧合为了凑单买的这本书，很是惊喜，因为太吸引人一口气看完的，能引发成长模式，行为方式的思考，甚至可以和育儿和教育关联，总之是一本清新自然却引人深思的书，看完心里暖暖的（话说还解决了我一个朋友的人际烦恼，她在公司时不时受师傅的气，师傅很容易发怒和指责，竟在本书找到了答案）1：不论人们年纪多大，都可能处在儿童状态。2：父母其实拥有巨大的权力，可以对子女拥有绝对的控制权。3：成长的本质就是要减少并最终打破这样的依赖关系，这样才能成为一个独立自主的人。4：“处于‘父母自我状态’时，我们表现得正如自己的父母。很早之前就听说且想买的一本书，但一直没有下单，可能是怕没有听说的那样好吧，最近离家出走状态很差，无所事事就买来翻了翻，差不多一个周末的时间就看完了，蛤蟆先生每去咨询一次就让我想到了自己咨询时候的感受和情景，看完后给咨询师发了微信，近期应该还会看第二遍！随后又下单了《你应该找个人聊聊》和《柳林风声》希望不负期待！也希望大家都可以慢慢好起来！
病隙碎笔 2021纪念版（史铁生充满灵性光辉的生命笔记，启迪无数读者的长篇哲思散文经典）,"史铁生 著,博集天卷 出品",2021-11-01,¥24.00,史铁生充满灵性光辉的生命笔记，启迪无数读者的长篇哲思散文，在深刻的困境中寻获信心与爱。特别附录史铁生先生亲摄照片，光影纪念，品读经典。aaaaaa包装非常结实，东西保护得很好，值得好评喜欢史铁生的文字，从中得到很大的慰藉感动(?_?)喜欢喜欢的很好很满意好评值得购买！先习惯性好评吧物流快，质量好内容很精彩
人生海海（麦家重磅力作，莫言、董卿盛赞，连续两年高居畅销榜，发行量超300万册）,麦家  著 ，新经典  出品,2019-04-16,¥27.50,赫尔岑说：“书——这是一代对另一代精神上的遗训，这是行将就木的老人对刚刚开始生活的青年人的中选，这是行将去休息的站岗人对走来接替他的岗位的站岗人的命令。”期待一本新书！期待一种精神！文字朴实、精准、幽默，开始读时会捧腹大笑，看到最后一页，合上书后，忽然泪如泉涌。“记住，人生海海，敢死不叫勇气，活着才需要勇气。”???第一眼被这本书的封面给吸引住了，感觉很清纯、唯美，打开书感觉一种很真挚、很热烈的感情，渐渐的被麦家的文字给打动了。麦家的身上永远有一种旁观者的气质，一旦他开了口，他的语言是那么的精准。他的细节是那么的触动，他的思想是那么的深刻。如果用一句诗来形容我读完《人生海海》的感受，那就是“回首向来萧瑟处，也无风雨也无晴”。我看完了这本小说。只能说是：人生海海。是形容人生复杂多变，但又像大海一样宽广。前半部分话有点黄，下半部分有点悲。看上去是好人的，却做了坏事；看上去是坏人的，却做了好事。人生莫作亏心事！有本事还要有智慧。值得拥有！非常让人心疼的一本书，上一次有这种感觉还是《活着》，再早是《你在天国遇到的五个人》，还有《追风筝的人》，还有我最最习惯的《挪威的森林》，值得一读的好书，四个小时读完！！！这本书是新书 今年上个月初3.2才定稿 一口气看完 作者真的把书里的人物和故事写活了 看完我能把里面大大小小的角色全都能回忆起来 每一个都足够有特点 加上有真实的历史背景和人物 看得引人入胜 看完心里有种感动 又叹息 却莫名会生出一种生活的勇气。 读完这本书， 人生海海这四个字， 突然间，就有了重量。人生海海这本书挺好看的，说解放前的一些农村生活，阶级斗争啊，人们那种生活状态，一开始挺好笑的，后来看着看着就很沉重了，整本书围绕上校开展的，上校是一个传奇人物，一生充满神秘色彩。还没有看。比较期待，因为麦家老师真正转变了。《风声》《暗算》《解密》都看了，类型化，通俗化，希望《人生海海》能给我惊喜吧。第一次读麦家这个作者的书，之前对这个人一点印象都没有。看了第一页之后就迫不及待的想一气呵成的看完。估计看完这本书会把这个作者的其他书刷一遍。最后提一个和书没有关系的建议，包装发货的时候选择一家大得快递，别用韵达这种lj。借鉴借鉴人民文学出版社发快递包装的
钝感力（渡边淳一经典励志大作！央视新闻、《奇葩说》鼎力推荐，马东、蔡康永、杨天真、王俊凯推荐书目。写给易因小事敏感，什么都往心里去的人。),渡边淳一著；李迎跃 译;,2018-01-01,¥16.00,"我曾经是一个很爱聊天的人，并且自以为还具有了一点洞察他人心理的能力。可是我也不知道从什么时候开始，聊天似乎已经越来越淡出我的世界了。 工作中有事都做邮件、MSN和QQ上直接解决了，亲人之间工作之余的那点时间又时常被琐事所羁绊，而根本失去了聊天的机会。说实话，除了开会或极其特殊的原因，很少有两个人或几个人坐下来面对面地认真谈话的时候，可能这也是我之所以越来越不善于聊天，不愿意聊天的主要原因吧。 《超级聊天术》中，作者首先告诉我们：会聊天=拥有社会竞争力+良好的人际关系+生存能力这样的道理，其次就是从能够快速提升你的聊天力的 …我曾经是一个很爱聊天的人，并且自以为还具有了一点洞察他人心理的能力。可是我也不知道从什么时候开始，聊天似乎已经越来越淡出我的世界了。 工作中有事都做邮件、MSN和QQ上直接解决了，亲人之间工作之余的那点时间又时常被琐事所羁绊，而根本失去了聊天的机会。说实话，除了开会或极其特殊的原因，很少有两个人或几个人坐下来面对面地认真谈话的时候，可能这也是我之所以越来越不善于聊天，不愿意聊天的主要原因吧。 《超级聊天术》中，作者首先告诉我们：会聊天=拥有社会竞争力+良好的人际关系+生存能力这样的道理，其次就是从能够快速提升你的聊天力的 “聊天没有实质内容≠没有意义；聊天是由打招呼＋α所构成；聊天不需要结论；聊天是利落地让话题告一段落和只要训练，不管和谁都能打成一片”等5个规则加以阐述，分析和总结了聊天准备以及话题延伸的种种技巧，令人耳目一新。 不过有一点，要说会聊天可能与良好的人际关系有着丝丝缕缕的关系，良好的人际关系又势必影响社会竞争力的高低，我是持肯定态度的，但是就会聊天就能够提升生存能力和闲聊力和职场安全网效应等观点来看，我还是持怀疑态度。我认为似乎有过度地定义了闲聊的价值的嫌疑，也可能造成使某些本来就不善于专研本职工作的人更加趋于懈怠和投机专营的后果，而根本忽略了职场中必须遵循的工作能力、工作质量以及做人做事其他方面的能力之于生存能力以及职场安全的重要程度。 聊天应该是生活和工作的辅助吧，在工作之余适当的有策略地闲聊，消遣的同时也为构建和谐的人际关系增加点力量当然是非常睿智的选择，但是如果把主要精力都用在闲聊上恐怕就因小失大了。想聊天又不怎么会聊的朋友,读读本书大有裨益(若你压根而不喜欢聊天,那就换频道吧)。在现实的生活中，我们常常发现有些人特别能说特别爱说，话娄子。这其中，有的讨人喜欢，大家爱听他说；有的，会让人绕着走，怕听他的唠叨。能说善说还要说的让别人爱听，着实是个本事。本书就是教人掌握这项本领的。聊天和能说还是有些微差别，能说可能自顾自说，聊天却铁定要跟别人互动。要想人家愿意呼应你的话题，说说对方关心的事肯定没错，不过需要当心的事，一味只讲人家不涉及到自己，也会让对方产生不真诚感。所以，有必要也谈点自个儿的事。这其中，比例要拿捏得当…想聊天又不怎么会聊的朋友,读读本书大有裨益(若你压根而不喜欢聊天,那就换频道吧)。在现实的生活中，我们常常发现有些人特别能说特别爱说，话娄子。这其中，有的讨人喜欢，大家爱听他说；有的，会让人绕着走，怕听他的唠叨。能说善说还要说的让别人爱听，着实是个本事。本书就是教人掌握这项本领的。聊天和能说还是有些微差别，能说可能自顾自说，聊天却铁定要跟别人互动。要想人家愿意呼应你的话题，说说对方关心的事肯定没错，不过需要当心的事，一味只讲人家不涉及到自己，也会让对方产生不真诚感。所以，有必要也谈点自个儿的事。这其中，比例要拿捏得当，以对方为主以自家为辅。聊些双方共同的遭遇是一个比较好的法子，容易把话题延续下去。当双方缺乏共同点时，聊聊时事、最新社会新闻是个安全有效的法子，哪怕是不相识的陌生人，亦可从这个话题下手。当然，这就涉及到对此类信息的搜集。可以说，倘若你希望掌握聊天术，储备可用来做聊资的话题相当重要。以请教的方式展开聊天，也是非常有效的切入点。想买点什么却不知在哪买？诸如生活中人人都可能碰到的小疑问拿出来请教，多半能引出对方别人的话题。可借此展开常谈论。留心储备些话题，然后可以刻意练习。适合练习闲聊的对象，作者列出三类人：抱着婴儿的人、遛狗的人、大妈（尽管是日本人的意见，也挺适用咱们的）。这三类人据我观察也是比较好大交道。大妈们是极其爱说话的，年纪加女人的天性，跟她们搭腔，很便当，而且不用担心冷场。遛狗的人，都爱跟人谈狗；同理，抱婴儿的人也喜欢谈婴儿。如果你正在练习聊天术，那么随身携带些糖果。一时找不到话题时，可请对方吃糖，缓解气氛，同时又可自糖来触动新的话题，好不好吃啦，到喜欢吃什么，爱吃的这些东西有哪些特性、什么牌子的好，在哪里买等等，话题又继续下去并不断发散。以上都是些增加聊天能力的小技巧，在书中还有不少。不要忽视聊天哦，其实聊天是非常好的沟通方式，亲戚朋友、同事、上下级之间，如果能恰当地做些聊天，增进了解，加深情感，由此还能提升竞争力。这年头，也许是社会发展的压力，需要学习的本领和东西越来越多了，比如像聊天这样看似平常的事也被看作了一门学问，《超级聊天术》这本书通过对这些所谓“废话”的作用与意义进行分析，并告诉人们在日常生活中如何正确对待它，让人们感到这的确是值得好好思考并需要在实践中提高的，尤其是对于不太善于与他人沟通的人更需要从中学习和掌握一些要领。自然我也属于不善聊天的人，也希望自己在生活和工作中有更好的与人沟通能力，希望这样一件不太起眼的事的确可以称成为排除障碍的润滑剂，帮助自己实现更多的目标。 读完书后你会发现，聊天其实并不一定需要有极其美…这年头，也许是社会发展的压力，需要学习的本领和东西越来越多了，比如像聊天这样看似平常的事也被看作了一门学问，《超级聊天术》这本书通过对这些所谓“废话”的作用与意义进行分析，并告诉人们在日常生活中如何正确对待它，让人们感到这的确是值得好好思考并需要在实践中提高的，尤其是对于不太善于与他人沟通的人更需要从中学习和掌握一些要领。自然我也属于不善聊天的人，也希望自己在生活和工作中有更好的与人沟通能力，希望这样一件不太起眼的事的确可以称成为排除障碍的润滑剂，帮助自己实现更多的目标。 读完书后你会发现，聊天其实并不一定需要有极其美丽的语言、也不需要有不让人冷场的接连捧腹笑话，更无须一针见血的深刻评判，而是拆掉你与他人间思想沟通的墙，也许话题不一定有意义，但却是生活的必需，甚至也是判断一个人整体的依据。书中以轻松幽默的方式总结了很多规则和方法，值得大家一读并借鉴。生活中需要提高的方面有很多，而与人交流与沟通最最常见的聊天就非常重要。 读这样的书并不是指望可以给自己带来立马的改观，而是先从中领会一些诀窍，并在实践中去有意识地付诸实施，逐步改善和提高自己。特别是书中谈到的一些与自己曾经相似遇到的场景和弱点分析，一定会对自己有很强的针对性帮助。也可以从书中那些简单的方法和措施入手，获得思想上的灵感和收益。我相信，学习他人的经验和思路可以让自己也向理想的方向逐步去靠拢！什么样的男女关系能够长久？对恋人宽容，能妥协，愿意改变自己的最长久。什么样的同事人际关系最好？对别人无论怎样都哈哈哈的人际关系最好。迟钝也是竞争力？这可是渡边淳一老爷子说的，这个有着深厚医学背景的作家，从研究人体出发，论证了钝感力是一种适应环境的重要能力。又是一段时间读不下去书了，可是今天不到两个小时就读完了这一本。别以为我是在读《失乐园》，其实我是在感受迟钝的能力。今日读书：《钝感力》，学会不要什么事情都往心里去。《钝感力》是渡边淳一经典励志大作。因为渡边淳一，世界上多了一个叫“钝感力”的词。钝感是一种才能，一种能让人们的才华开花结果、发扬光大的力量。 对眼前的事情钝感一点，不要什么都往心里去。 愿你同样拥有《钝感力》，帮你抵御世界的急风骤雨。小书不厚，可以在床上读，读来轻松，一边读一边回想工作日常的点滴，给自己一个转变的机会。当下社会需要的能够抗住压力并不断向前的人，如果您和我一样责任心过重，过于敏感，我建议您看一看，性格这个东西很难改变，但是可以给自己一个积极的心理暗示。很喜欢这本书的封面，几乎第一眼看到就喜欢上了，以为是散文随笔结果是励志书，自己造成的失误。书还没有，很好奇日本作家的励志书和中国会不会有有什么不一样，毕竟渡边淳一先生算是日本在中国比较有名的作家了，最后本人对纸质书比较喜欢，对纸质要求比较高，希望当当的纸质书出版能重视一下，也算是忠实粉了内容读完后再来追评论述很丰富，但是感觉缺乏科学性，没有实际的科学研究数据，纯凭主观感觉。对于心理状况的自我调节很有好处，推荐推荐推荐書中的例子比較多，不屬於那種描寫特別深刻的，屬於大眾都能看的那種。我建意大家堅持看下去，還是有一定收獲的。我打個比方吧，這書尤如一瓶魚干油，各種成分，可能精華原油就那麼一滴，但你還是要全瓶喝下去了才能吸收到那滴原油的營養，但就那一滴，就能讓你增加了能量，奐發出光彩。"
生死疲劳（不看不知道，莫言真幽默！全新版本！）,莫言；读客文化 出品,2022-01-01,¥34.95,莫言的这部《生死疲劳》其实就是一部“生死轮回”。在这部《生死疲劳》里，用西门闹这个冤死的地主为角色，用他的灵魂转世投胎为驴、牛、猪、狗、猴的生死轮回，围绕他的家人，他的家乡，和他相关的人，用不同的视角看人生得势落魄、世间荣辱、生活百态…真的很佩服莫言作者的文笔，作品很接地气，用百姓们甚至以一个动物的口吻生动的描写出了一副新中国初期文革等一切岁月中的苦难，既像小说犹如散文，本来我不怎么喜欢这个描写年代的作品的，但是这本作品却吸引了我，真心推荐第一次看莫言的书，非常大的震撼，文字功底和叙事能力绝对一流。虽然刻意制造悲剧甚于余华，猪轮回之后的故事也摇摇欲坠，不过瑕不掩瑜，配得上所有赞美。妄改莫言先生题记作为读后感：大头蓝千岁，空冢西门闹，一亩六分田地，盈月树间照。人畜有何异样，轮回只为他遭，错对恩仇笑。世事多生变，难渡高低潮。驴泣血，牛沉默，猪狂躁，狗终忘却前尘，猴已出六道。人聚人散不断，旧恨可曾购销，是非当知晓。佛眼低垂处，生死皆疲劳。莫言的作品看过一些，他的叙述风格和写作手法独树一帜，确实非一般人可比。尤其佩服他的想象力：让人投胎为驴、牛、祝、狗，实在是高手啊！“我没有把这本书写成布道词，我写的还是人的命运与人的感情，人的局限与人的宽容，以及人为追求幸福，坚持自己的信念所作的努力与牺牲。”先生大善。感恩我们有这样的作家。通过各种牲畜的视角看遍人生冷暖，终于释然心中怨恨，对于时代洪流，对于国家机器，人如蝼蚁，命运并不是自己说了算。能否坚持内心的那一亩三分地，能否保持住自我，在滚滚人流中不失本色，显得弥足珍贵。这个版本的封面是我最喜欢的，颜值超高，而且内容很丰富，是语文老师推荐的书目，作家莫言在短短几十天内写出这么多字，很厉害，收到的书包装很完整，没有损坏，趁着搞活动还一起买了《飘》和《长安客》让我想到了百年孤独，想到马孔多！任何时候下都不要失去理志，不要蒙蔽了双眼，蓝脸的韧性令我钦佩！情感上的事情是无法用逻辑思维来解释与判断，一切来源于土地的，那么也终将会回归土地，结束便是开始！有的时候自嘲也不失为一件趣事快递给力，纸质不错。莫言作品，果然经典，一天读完，久久回味。莫言最重要的代表作之一，用动物的视角，俏皮的语言和鬼才的叙事化手法，讲述沉重故事，处处充满惊喜，用幽默化解现实的痛苦，让人在痛苦时依旧能笑出声来，给人与力量。
法治的细节（罗翔新作，法律随笔，评热点、论法理、聊读书、谈爱情，人间清醒与你坦诚相见）,罗翔，果麦文化 出品,2021-11-01,¥24.90,这次的订单4月23日由当当无锡仓库经中通快递发出，24日到达天津中通，停留至26日继续发出，27日送达后我发现箱子有破损、少了三本书。在当当购买多年，还是第一次遇到缺少的情况，很意外、立刻与当当客服联系。欣慰的是很快收到了补发的书，但之后却得知这三本书钱需要快递员赔偿——送一份快递只给提成一块钱的快递员。认真核对了物流记录和箱子破损情况后我认为责任是应由天津中通公司承担的，并建议快递员提出申诉，而快递员申诉后一直没得到回复，他说这行业就是这样的。联想到丢失的竟然是这三本书，真是很讽刺。那些教给人们要维护自身权益的书，还是改变不了权益…这次的订单4月23日由当当无锡仓库经中通快递发出，24日到达天津中通，停留至26日继续发出，27日送达后我发现箱子有破损、少了三本书。在当当购买多年，还是第一次遇到缺少的情况，很意外、立刻与当当客服联系。欣慰的是很快收到了补发的书，但之后却得知这三本书钱需要快递员赔偿——送一份快递只给提成一块钱的快递员。认真核对了物流记录和箱子破损情况后我认为责任是应由天津中通公司承担的，并建议快递员提出申诉，而快递员申诉后一直没得到回复，他说这行业就是这样的。联想到丢失的竟然是这三本书，真是很讽刺。那些教给人们要维护自身权益的书，还是改变不了权益受侵害却无法自保的现实。包装太差了都不舍得加一层缓冲挺好的一本说以前买书都是在当当买现在觉得以后都没必要《罗翔说刑法》开始，喜欢上罗翔老师，后来又看了他的访谈节目《我的青铜时代》，更是深深被折服。不仅仅是罗老师普及的刑法知识、罗老师的幽默，更有罗老师的正向的价值观、人生观，给我关于人生的思考。一位值得尊敬的好老师，有温度的法律人。罗老师希望自己可以成为法治之光，我觉得他就是。无论是看罗翔老师的视频，还是读罗翔老师的书，都能学到很多东西。其中包括：刑法、哲学、世界观、人生观、价值观。提醒我们常常反思，保持清醒。走到哪儿都在推，没忍住买一本吧，从来没看过刑法类的书，刑法学讲义肯定是不适合我的，这本看了一下目录，感觉应该能看懂，就入了，宣传的力量不容忽视，哈哈哈看过内容之后再评价吧辩证的法学逻辑思维，确实在黑与白之间有不一样的颜色地带，到底还是人类自身认知的能力问题。社会在不断进步，法治的细节在不断完善。学习一些法律知识与文化是必要的。书籍质量不错，就是字体略小。看了别人的书评才好下手，因为怕读不懂，买回来，罗翔老师讲的特别好，用故事去讲案件，讲哲学，从中受益很多，谢谢罗翔老师。唯愿公平如大水滚滚，使公义如江河滔滔。罗翔老师是唯一一位语速不快但却让我愿意不开倍速听他讲话的老师。如题，就想问疫情期这种情况我是不是需要把书都用酒精泡一遍？原来买的书失踪了，再入一本。
瓦尔登湖（经典新读 中央编译出版社）,（美）梭罗 著，王光林 译 万亭文化 出品,2019-04-01,¥13.40,初次听闻此书是在樊登，当时就对故事中引人入胜的湖光山色和一个人的悠然自得所吸引，希望亲自读文字会有更深刻的印象本套世界文学名著选优名家的全译本，并配有精美的国际大师插图，在内容和形式上将营造极佳的阅读体验，这在国内的名著出版工作中是非常难得的。这本书还行，跟价位匹配，我是拼单买的，不然单买不划算的世界三大自然随笔，与《圣经》等一同被美国国会图书馆评为“塑造读者的25本书”。书是简装版，但是质量还可以，不影响阅读。经典之作还是值得一读喜欢世界名著，把相中的都囤回来也算实现学生时期的愿望吧！近期世界名著囤的几乎都是这个版的《?尔登湖》是作者戴维·梭罗独居于?尔登湖，远离尘嚣，想于??然的安谧中寻找本真，质朴的?活状态，?种更具诗意的?活。或许这次选读这本书，是期望我们体会到作者深?思考，并寻找本真的?路历程，感受来着??然的?量，并寻找我们?我?中的《?尔登湖》。　　本书描述了梭罗在?尔登湖居住期间所经历的?切，与周围农夫、邻?相处，去亲?经历周围的?切，与周围动物互动，进??与?的交流，感受不?样世界的对?由的渴望。宁静得世界，多么难得，充满了哲思学意，非常的难得每次在当当买书，质量还是不错。自己先看，再让小朋友们看一直以来，瓦尔登湖都是文人向往的地方，感受那份难得的静谧，这是买的第二本了，送人
你当像鸟飞往你的山（中文版销量超200万册，比尔·盖茨年度特别推荐！登顶《纽约时报》畅销榜80+周，这本书比你听说的还要好！）,塔拉 · 韦斯特弗  著 ， 新经典  出品,2019-11-01,¥34.80,"生在破铜烂铁的家里，长在没有教育和医疗的环境中，让她从未觉得自己不正常，直到她的哥哥离开家去上学，后来又鼓励她自考大学，一步步踏出禁锢，又与其斗争，最终飞往属于自己的山。作者将这过程定义为教育带来的改变，而我觉得这更像是人类觉醒的过程。一个惊人的故事，真正鼓舞人心。我在阅读她极·端的童年故事时，也开始反思起自己的生活。《你当像鸟飞往你的山》每个人都会喜欢。它甚至比你听说的还要好。教育意味着获得不同的视角，理解不同的人、经历和历史。如果人们受过教育，他们应该多听，少说，对差异满怀*，热爱那些不同于他们的想法。有空的时候我就会看一看读书网站，淘一淘最近的好书，偶然看到这一本买了回家。最开头的那几十页我看得十分震惊，原来世界上真的有如此的家庭，不去医院不去学校，读完这本书后想要更加地好好学习，因为教育真的可以改变一个人许多，它能够在你觉得已经是人生巅峰的当下将你带到另外一个世界。收到货后在一个礼拜内读完后了，后半本近200页是在一天读完的，我最大的感受是震惊，并非三言两语能描述下去的，因为我也受母亲焦虑症的影响，想逃离到很远很远的地方，如果有可能的话我将逃到外太空。如书评写的那样，比你听到的任何评论都要好的太多。读完这本书，总感觉心中有块石头不能落下，想起自己小时候也有过一点点记忆，觉得父母对自己不公的记忆，但是我的内心没作者那么强大，没有成为像她一样的人。虽然现在过着还算舒服的生活，但总有想做却无法完成的事情，比如考学，总是找不到正确的方向。显然，作者找到了属于自己的人生。很羡慕她！书中有很多地方无法理解，作者17年没有上过学，为什么很轻松就考上了美国211大学呢？作者家里人曾多次遭遇车祸、火灾、从高空摔落、工具伤害、生育时大出血，但是通过妈妈的精油和看护都能恢复，难道真的不需要医院和科学的救治就能康复吗？人的信仰真的这么强大吗？书…读完这本书，总感觉心中有块石头不能落下，想起自己小时候也有过一点点记忆，觉得父母对自己不公的记忆，但是我的内心没作者那么强大，没有成为像她一样的人。虽然现在过着还算舒服的生活，但总有想做却无法完成的事情，比如考学，总是找不到正确的方向。显然，作者找到了属于自己的人生。很羡慕她！书中有很多地方无法理解，作者17年没有上过学，为什么很轻松就考上了美国211大学呢？作者家里人曾多次遭遇车祸、火灾、从高空摔落、工具伤害、生育时大出血，但是通过妈妈的精油和看护都能恢复，难道真的不需要医院和科学的救治就能康复吗？人的信仰真的这么强大吗？书中字迹清晰，纸张质量很好，看起来很舒服。南海出版社。赞我们都缺乏打破现状的勇气。理念与家庭观念相悖，我们会如何抉择。她有一往无前的动力，也有渴望被家庭认同的心理。终将是远方的山吸引住了她。终将是飞鸟一样远离山谷。你能想象吗？在高速发展的美国，有这样一座山，山里的父亲信奉上帝的力量，作者塔拉就是在垃圾场的废铜烂铁铸成的童年里长大的，那里没有读书声，只有起重机的轰鸣。哥哥被火烧伤，居然是自己一人跑回来，让年仅10岁的塔拉治疗。  ?难以想象在垃圾场长大，被教导医院和学校是政府的阴谋情况下，塔拉最终成为了一名博士。  ?这就是塔拉写的《你当像鸟飞往你的山》，从山里到山外，从挣扎到接纳，塔拉做出了一次次的“自我选择”。   心理学上有个概念叫自我选择效应，它是指你做出什么样的选择，就决定过什么样的生活。你选择积极乐观，便与幸福不期而遇；…你能想象吗？在高速发展的美国，有这样一座山，山里的父亲信奉上帝的力量，作者塔拉就是在垃圾场的废铜烂铁铸成的童年里长大的，那里没有读书声，只有起重机的轰鸣。哥哥被火烧伤，居然是自己一人跑回来，让年仅10岁的塔拉治疗。  ?难以想象在垃圾场长大，被教导医院和学校是政府的阴谋情况下，塔拉最终成为了一名博士。  ?这就是塔拉写的《你当像鸟飞往你的山》，从山里到山外，从挣扎到接纳，塔拉做出了一次次的“自我选择”。   心理学上有个概念叫自我选择效应，它是指你做出什么样的选择，就决定过什么样的生活。你选择积极乐观，便与幸福不期而遇；你选择消极悲观，就是对不幸耿耿于怀。最终决定你能走多远，能过什么样的生活的，从来都是你本来的自己。   “我曾怯懦、崩溃、自我怀疑，内心有什么东西腐烂了，恶臭熏天”，塔拉也曾和每个人一样失落彷徨过，但是她选择了接纳自己选择了自己的思维方式。  ?那这个自我选择的过程中，塔拉经历了什么又是怎样改变的，都在《你当像鸟飞往你的山》里。   这本书也将告诉你：什么样的选择决定什么样的生活，今天的生活是由3年前我们的选择决定的，而今天我们的抉择将决定我们3年后的生活。真心不错的一本书改变命运往往要靠自己的努力，只有更新自己的想法，获取更多的知识能力，我们才能不断进度，书中印象深刻的一个小细节，每天爸爸不管多累都会给大家读圣经，每天都有新意！往往是你读书后的想法不同，新意才会层出不穷的跟着你！每年都能读到一本好书，是幸运的。主人翁从废料厂到最后的认同自己，接纳自己，释怀所有，让人感怀。在原生家庭的成长，兄弟姐妹之间的爱恨情仇，良师益友的欣赏与帮扶，自己勇敢努力挣扎包容。让我的心一次又一次的被触动。所幸的是塔拉最后还是坚守住了自我，尽管她努力说服自己应该与家人在一起，但内心的她最终成就了自己。比较可惜的是最终只有三个孩子走了出来而母亲、塔拉的姐姐，山谷的其他人甚至是她的外祖父都成为了父亲不折不扣的追随者。这本书比你在别人口中听到的还要好。"
和古代学霸握个手,急脚大师 著 捧读文化 出品,2022-11-01,¥27.80,历史长河中不可忘却的给我们鼓励的古人，这些学霸大多数没有在现代留下名片，仿佛看到从古至今，历史的长河中有无数默默无名之辈，在激励着我们。第一次买了之后，竟然没有送到地方，就直接给退回了，不知道是当地没有书了，还是咋回事，幸亏又给解决了买给孩子看的，他很喜欢，包装漂亮，里面内容也很新颖有趣，很适合学生和家长。可以让我们家长不用说教，用这本有趣的书让孩子自己觉得用功读书、学习技术的必要。强烈推荐。生活中，我们通常将“学霸”等同于“考霸”，但这本书要讲的是，他们不一定考试能考满分，不一定寒窗十年只为功名，他们分布在各行各业中，有底层草根、富家公子、将军大侠、皇子大臣、技工商人……他们都能被称为各自领域的“学霸”，掌握了比普通人更多的知识与技能。家里有学生的一定要买回来看看，能让孩子看到学霸的新定义，并不是会考试就是学霸，并不是成绩好就是学霸，只要肯钻研，人人皆可成为学霸。是正品很好用，价格便宜了很多，性价比超高，真的特别划算，包装也很高端大气上档次，值得购买宝贝收到了，质量很不错，包装精致，材质优秀，比想象中好，送礼自用非常合适，下次继续购买价格很实惠，性价比很高，算是平价好物，会回购的是正品，跟商店里买的是一样的，在这网购方便快捷，品质放心，还会光顾！.^?^.很快就到了，全新正品，包装很仔细，没有问题是正品，跟商店里买的是一样的，在这网购方便快捷，品质放心，还会光顾！.^?^.这本书的作者将严谨、枯燥的历史，以风趣的语言方式讲述，再配上幽默的漫画，剧场感十足，读起来爆笑连连。本书除了能见到耳熟能详的古代学霸史，还能了解那些鲜为人知的学霸故事。带给人惊喜的一本书，看到排在畅销榜前面才买的，确实是货真价实的好书，会推荐给朋友也买的书收到了，孩子很喜欢！下次继续光顾，多买一些有意义的课外书，让孩子从故事中汲取成长的力量！！收到了书，首先来说书的外包装非常的严实，非常的干净，其次是，说的内容也是非常的吸引人，非常的有意义，家里的大人小孩都是非常的喜欢，非常的适合大家一起阅读
三体：全三册 刘慈欣代表作，亚洲“雨果奖”获奖作品！,刘慈欣,2010-11-01,¥51.20,"当当网购书让我第一次体验了什么是满意的售后服务，太强大了，这套书是儿子的最爱，也是一套值得收藏的好书。第一次发过来有质量问题的书已退还，当当网重新发过来这套书儿子太喜欢了!值得点的当当网《三体》给我们的是现实中的思考，在文革那个我们不曾经历过的背景下的思考。它不太像是科幻小说，相比后面的两部，更真实。《三体—黑暗森林》展开的是以面壁计划为基础而引发的一系列与宇宙黑暗森林状态有关的事情，隐藏在字里行间的也有着作者独特的想法，处处引发我们对人生的思考。《三体—死神永生》是一篇真正的大手笔，将整个地球，整个银河系，展现在宇宙的大背景下，真正触发灵魂深处对于人性的思考。关于人物上，大史这个人物设定真是赞，一个无论处在什么时代都只是忠实履行自己指责，永远忠于内心的人。关于罗辑，作者给读者留下了无限的想象空间，一个在…《三体》给我们的是现实中的思考，在文革那个我们不曾经历过的背景下的思考。它不太像是科幻小说，相比后面的两部，更真实。《三体—黑暗森林》展开的是以面壁计划为基础而引发的一系列与宇宙黑暗森林状态有关的事情，隐藏在字里行间的也有着作者独特的想法，处处引发我们对人生的思考。《三体—死神永生》是一篇真正的大手笔，将整个地球，整个银河系，展现在宇宙的大背景下，真正触发灵魂深处对于人性的思考。关于人物上，大史这个人物设定真是赞，一个无论处在什么时代都只是忠实履行自己指责，永远忠于内心的人。关于罗辑，作者给读者留下了无限的想象空间，一个在光明世界度过了无限黑暗的人，一个在黑暗世界内心无限光明的人，谁也无法真正懂罗辑，这位真正的面壁人。程心，爱与正义的化身。你可以说她放弃了行使执剑人的权利，导致威慑纪元的终结；可以说，她扼杀了维德的计划。可是，正如作者所说，她究竟是扼杀，还是拯救，谁也无法评说，只有她，为人类保留最后的火种。维德。威慑度为100％的男人，即使是如神祇一般的罗辑，才90%左右。这在书中结束的太匆忙，或者隐藏在我没有读到的字里行间。正如书后评语所说。对历史和现实的一次实验，比现实更真实，比神话更空灵的科幻小说。连续读完三本书，整个人都感觉得到了一种升华，感觉真实存在的世界，仿佛就在我身边，回味无穷的故事。国际上都极具盛名的刘慈心的代表作。自从《流浪地球》翻拍成电影后，三体在中国科幻类小说中的地位更加稳固。如果让30岁的自己读书，那么我会选择这几本，沉下心来，在星球中穿梭，在宇宙中翱翔。《三体》每一部的主线并不同，但是我认为它的隐藏主线都是完全相同的，就是“科学”！科学改变世界，改变人类，改变命运！这种积极向上的精神便是作者希望传播一个核心思想，同时，我也希望把那份震撼传达给更多的人，使更多的人感受到《三体》给人心灵的洗涤与升华。""在未来，当人工智能拥有超过人类的智力时，想象力也许是我们对于它们所拥有的惟一优势。""这句话让我对这本书产生了兴趣，的确人工智能在发展，我们能做的也是找到自己的差异化优势。我是去年听说这本小说的，今天才有机会看看。未来是不确定的，想象力带来创新。流淌在岁月中的文明我选择顺着你的方向前行适应你的温度和潮汐流淌在岁月里的文明我将会带领你冲出河堤浇灌每一处生灵让你成为不止银河般的无垠生存，生存就需要狼性但是岁月是如此浩瀚人生如此短暂我想要选择不止狼性或者顺流而行第一本在出差的火车上读完的。在电子书和网络小说盛行的今天，看着纸质的书，感觉真好，现在在读第二本。有关人性和科幻的具体描述非常到位，堪称硬科幻小说的典范。 想起大学时在室友的影响下开始看《科幻世界》，那一个个或穿越时空，或改变现实的故事让人回味不已，这也是一个让人回味思考的故事买回来就迫不及待的打开了，三体完全把你带领了另一个境界，作者奇特的构思、强大的文化背景，扎实的物理理论。全部结合到一起。伟大的作品，看了三体后觉得跟浩瀚的宇宙比起来，人太渺小了。太伟大的科幻小说了，脑洞开的不是一般的服！一部比一部好看！三体系列是涵盖了哲学的科幻，会帮助你建立宇宙观的科幻，一定要看三，三最好看！唯一的建议是书皮可不可以做的高大上一点，用再好一点的纸……"
陪孩子弯道超车（给家长和孩子的逆袭指南）,吉田 著，磨铁文化 出品,2022-07-01,¥34.10,我本不想评论，就是冲是评论买了好多不好看的书。这本书个人认为很一般，里面的内容非常显浅，对我来说，没有那个点，我可以用的，因为这些点，我估计大部分家长早已懂得内容很一般。但是也有一个点就是要家长去挖掘孩子的潜在的优势。换个思维去引领孩子。也算是比较独到的见解。不错值得推荐购买，哈哈哈哈哈哈哈哈哈哈哈哈好不错，很快就收到了，还没看，育儿得不断学习，读了再来评价，值得购买，希望能帮助到孩子少走弯路！质量可以的还没顾得看，买的书多。不知道内容怎么样，看了再评价不错的书，非常受益，非常满意。给孩子买的，内容十分丰富，对孩子很有帮助。自从孩子上学就好焦虑，跟着孩子一起成长学习，做合格的妈妈
青铜葵花（当当定制版）,曹文轩,2015-03-01,¥9.90,"曹文轩的作品真的是太棒了文中的哥哥叫青铜，是个哑巴，妹妹叫葵花。在书中，哥哥青铜为了保护妹妹葵花，一整天骑着牛跟着妹妹…这本书曾在：台湾“好书大家读”年度长篇小说类创作最佳奖江苏精品读书奖等。
青铜，葵花，两种都是喜爱到不行的，古朴自然，有最初的纯真。那一大篇向日葵，那些坚韧的泛红的茅草，那些芦苇，那一条长长的河流~总感觉回到童年，虽然我的童年从未经历过这些，这些美好的事物，这些泛着忧伤的往事，但是总想着，真是美好，想着就很美好。
刚读完曹文轩的《草房子》，很有感情、内容的美文。现在入再手一本《青铜葵花》  支持曹文轩老师
首先，这本书我们全班一共买了57本，这本书，是孩子们的老师上完绿山墙的安妮阅读课后推荐的一本书，俗话说，书中自有黄金屋，书中自有颜如玉，那么这本书就可以说是黄金屋，曹文轩笔下的青铜葵花，生动的形象仿佛就在我们的眼前！
孩子从一开始被要求看，到自己主动要看，真的是一本好书，青铜葵花之间的
少发了一本青铜葵花这本书，能给补发吗？书拿到班里，清点时发现少一本青铜葵花
温馨感人的兄妹俩的故事，喜欢青铜葵花以及他们一家人那种不论血缘的相亲相爱，印刷质量好，字体够大，插图也好看。
青铜葵花很好看，两个人的生命出现了交集，却总是被命运捉弄，青铜喊出来葵花，很让人感动！
上次和孩子一起去上课的时候，看到其他同学拿了一本青铜葵花的书，然后空暇时刻自己看了看，感觉这本书挺好的，所以买来自己先看看，等孩子大点的时候让孩子也看
有人问我，你每个暑期都在当当买那么多书，还不断向别人推荐当当，是不是你和当当有亲戚关系。我说我不知道当当是男还是女，只知道这里有好书。可以节衣缩食，不能不囤好书。过了这村没这店啊！大爱大爱。"
额尔古纳河右岸（茅盾文学奖获奖作品全集28）,迟子建,2019-06-01,¥19.90,"《额尔古纳河右岸》讲述的是鄂温克族人的变迁。他们敬畏山神，民风淳朴，以打猎和放养驯鹿为生。书中他们对于山川草木的热爱非同寻常。同时萨满为了救人而牺牲自己儿女的事情也实在是让人心酸。这是一本寓意十分深刻的书，它引起我们对了人与自然和谐相处的深刻反思
《额尔古纳河右岸》董宇辉推荐这本书的时候我只是沉浸在驯鹿和蓝莓原浆里。书到时我以为书名是《额尔古纳河左岸》查了一下才知道书名就是《额尔古纳河右岸》。把书带上火车一页都没有翻开，看了一眼隔一个座位的乘客在读，感觉好巧。回到家后书不知影踪。前几天听倪萍提起这本书作者迟子建时决定读一读。两天时间囫囵吞枣似的读了一遍。读到驯鹿想起了圣诞老人的鹿。知道了额尔古纳河左岸和右岸是关乎领土问题。书中以“我”展开，父母、爱人、亲人以及子孙后代。一个个相继离开，最后“我”百岁老人依然守着最后的领土。浅浅感觉这是“我”一生的流水账。一生的得到与失去…
《额尔古纳河右岸》董宇辉推荐这本书的时候我只是沉浸在驯鹿和蓝莓原浆里。书到时我以为书名是《额尔古纳河左岸》查了一下才知道书名就是《额尔古纳河右岸》。把书带上火车一页都没有翻开，看了一眼隔一个座位的乘客在读，感觉好巧。回到家后书不知影踪。前几天听倪萍提起这本书作者迟子建时决定读一读。两天时间囫囵吞枣似的读了一遍。读到驯鹿想起了圣诞老人的鹿。知道了额尔古纳河左岸和右岸是关乎领土问题。书中以“我”展开，父母、爱人、亲人以及子孙后代。一个个相继离开，最后“我”百岁老人依然守着最后的领土。浅浅感觉这是“我”一生的流水账。一生的得到与失去，一生的爱与被爱。书中萨满妮浩令我敬佩，总是为了救别人舍弃自己的孩子。前两年比较喜欢听樊登读书，后来发现他的见解只能代表他个人观点，不能代表我的想法。书读百遍其义自见。继续深读剖析灵魂深处。
非常好的一本书，这本书给了我这个国庆节最愉快的读书体验。一打开，就看到停不下来，全书的语言干净流畅，早上懒觉也不睡了，只为早起继续看书。书中展现了鄂温克族人在森林与河流边的狩猎生活，美丽的大自然让人心生向往。游牧狩猎民族在历史背景下的情感变迁与困惑，引人深思。
一直喜欢茅盾文学奖的作品，这本也好。刚看1/5还不太感兴趣，但再看下去就沉浸书中了，那些陌生的名字，那些陌生的事，以一个旁观者的位置跟着走了一路，看了那些人的一生，听着这个民族与森林的一段落幕歌。他们是纯粹的，自然的，值得被铭记的森林的精灵。
世界读书日，选了几本茅盾文学奖名著，这本书早就想买了，作为中国第一部描述东北少数民族鄂温克族人生存现状及百年沧桑的长篇小说，很容易让人想起加西亚·马尔克斯的《百年孤独》，虽同样具有魔幻色彩，但迟子建用第一人称叙述更加生动，可读，浪漫且引人入胜。
听到这本书名的时候我沉浸在蓝莓原浆的浓郁和纯粹里，读这本书的时候我已忘却了蓝莓原浆,有的只是山间清凉的风，迷朦的雾，绚丽的夕阳，和鄂温克人悠扬的歌声。一个以驯养驯鹿为生的游猎民族与自然和谐相处的历史画卷徐徐展开，他们的信仰与民俗，他们的善良与勇敢，他们对待万物的包容与悲悯，皆让人为之动容。
知道有个作家叫迟子建，之前没看过她的作品，后来看一档电视节目《文学的故乡》，对这位作家有了兴趣，于是买了她的这本书。《额尔古纳河右岸》这本书讲述了一个忧伤且诗意的故事，是鄂温克民族的“百年孤独”。整本书由清晨、正午、黄昏、半个月亮四部分构成，也是一个人从幼年到晚年的四段人生经历，以及鄂温克家族从繁荣到日渐式微的变迁，文字优美又饱含深意，不可多得的好书，不愧是矛盾文学奖获奖作品。
父亲走了，他被雷电带走了。从此后我喜欢在阴雨的日子里听那“轰隆轰隆”的雷声，我觉得那是父亲在和我们说话。他的魂灵一定隐藏在雷电中，发出惊天动地的光芒。父亲没能换来他梦想的驯鹿，他把母亲的笑声和裙子也带走了。
这本《额尔古纳河右岸》我是一口气读完的，因为从开头开始就被深深的吸引进鄂温克族最后一个酋长女人的故事里，无法移开眼睛，无法放开手。她的语言就像鄂温克族人一样，跟大自然融为一体；就像额尔古纳河一样，缓缓的、温柔的、暖暖的流淌进我的心间！那种感觉到现在还在我的脑海里慢慢的回荡！可爱的鄂温克族人就是河流；就是森林；就是山脉；就是自然！他们真诚，纯粹；他们热情，奔放；他们多才，多艺；他们的爱情真挚，火热！他们像风一样自由，想河水一样包容，像森林一样深沉！也许那才是生活本来的样子，与世无争，自由自在，日出而作，日落而息，精神丰足，…
这本《额尔古纳河右岸》我是一口气读完的，因为从开头开始就被深深的吸引进鄂温克族最后一个酋长女人的故事里，无法移开眼睛，无法放开手。她的语言就像鄂温克族人一样，跟大自然融为一体；就像额尔古纳河一样，缓缓的、温柔的、暖暖的流淌进我的心间！那种感觉到现在还在我的脑海里慢慢的回荡！可爱的鄂温克族人就是河流；就是森林；就是山脉；就是自然！他们真诚，纯粹；他们热情，奔放；他们多才，多艺；他们的爱情真挚，火热！他们像风一样自由，想河水一样包容，像森林一样深沉！也许那才是生活本来的样子，与世无争，自由自在，日出而作，日落而息，精神丰足，简单而满足！无论是新入坑打算读书的朋友，还是已读过很多本书的有经验的书友，只要你还没有读过这本《额尔古纳河右岸》，强力推荐一定要买来读一读这本茅盾文学奖作品，她绝不会让你失望。
看的比较慢，昨天看完，感触很深，里面的“我”，见证了很多人的生和死，里面的妮浩是第二任萨满，为了就别人，却牺牲了自己三个孩子，里面的优美语言我不会叙述，总之，值得一看，昨天看完送我爸看了"
我与地坛（纪念版）,史铁生,2011-06-01,¥16.00,"史铁生的书，有点寂寞，适合一个人坐在安静的林子里，静静读，慢慢想。很早以前读周国平，继而读史铁生，两个人的文字都触及心灵，却又各自不同。看史的文字，脑海里满满地都是时光在额前流逝的样子，我仿佛能看到那个落寞无助的少年，一遍遍徘徊在空寂无声的公园，责问着人生的生与死。我仿佛也看到秋日金黄的阳光洒在斑驳的古树上，地上的每一个坎坷都被映照得灿烂，忽然我也置身在那个金色的时光里，依着那些苍黑的古柏，默默地叩问上帝的安排。史写的文字，总让每个人都想到内心深处的孤独，无可避免的孤独，却并不冷漠，在这个略显得浮躁的世界，我觉得大家都应…
史铁生的书，有点寂寞，适合一个人坐在安静的林子里，静静读，慢慢想。很早以前读周国平，继而读史铁生，两个人的文字都触及心灵，却又各自不同。看史的文字，脑海里满满地都是时光在额前流逝的样子，我仿佛能看到那个落寞无助的少年，一遍遍徘徊在空寂无声的公园，责问着人生的生与死。我仿佛也看到秋日金黄的阳光洒在斑驳的古树上，地上的每一个坎坷都被映照得灿烂，忽然我也置身在那个金色的时光里，依着那些苍黑的古柏，默默地叩问上帝的安排。史写的文字，总让每个人都想到内心深处的孤独，无可避免的孤独，却并不冷漠，在这个略显得浮躁的世界，我觉得大家都应该多读读，也是寻找内心安静的一种方式。
《我与地坛》是史铁生的散文代表作，是他十五年来摇着轮椅在地坛思索的结果，文章中饱含了作者对人生的感悟，对亲情的讴歌，朴实的文字间洋溢着作者心灵深处的情感，是一部不可多得的优秀作品。　史铁生在二十一岁时因腿疾回北京住院，从此他再没有站起来，在人生最狂妄的年龄忽地失去了双腿。这惨痛的灾难降临到了他头上，对一个年轻的生命来说如雷轰顶。用他自己的话说是“曾一连几个小时专心致志地想关于死的事情”，在经历了一次次心灵与死神的斗争之后，他最终拒绝了死亡。是母亲的爱唤起了他的意志，他决定把自己的心变成一片沃土，母亲已在这片沃土上洒下了第一…
《我与地坛》是史铁生的散文代表作，是他十五年来摇着轮椅在地坛思索的结果，文章中饱含了作者对人生的感悟，对亲情的讴歌，朴实的文字间洋溢着作者心灵深处的情感，是一部不可多得的优秀作品。　史铁生在二十一岁时因腿疾回北京住院，从此他再没有站起来，在人生最狂妄的年龄忽地失去了双腿。这惨痛的灾难降临到了他头上，对一个年轻的生命来说如雷轰顶。用他自己的话说是“曾一连几个小时专心致志地想关于死的事情”，在经历了一次次心灵与死神的斗争之后，他最终拒绝了死亡。是母亲的爱唤起了他的意志，他决定把自己的心变成一片沃土，母亲已在这片沃土上洒下了第一把种子。然后，是一对老夫妇、一个唱歌的青年、女教师、长跑运动员、弱智的女孩……无数次给作者鼓励和感动的人无心地创造了一片生命的森林，作者在这里找到了生命的意义，坚强地走了过来。
史铁生的书，我是第一次读。他文笔细腻，感情丰富，思想深邃。作者通过对若干人物地生动描写，精准勾画出50-70年代典型人物的悲喜人生。同时，作者是一个身患残疾的病人。正是以这样特殊视角，他细致入微地透析了人们的精神世界。几个包括自己、亲人和朋友在内的鲜明人物，赫然跃于纸上，从这群“小人物”的遭遇中，反映出那一时期政治风云的波澜壮阔以及人们对自己命运的无奈和反思。正因为我是同时代人，所以深有同感。作者当初的感悟和经历，有不少正是我自己的记忆。     文笔很好，朴实无华，惜墨如金，有京味，不卖弄。看似平铺直叙，款款道来，实则蕴含深…
史铁生的书，我是第一次读。他文笔细腻，感情丰富，思想深邃。作者通过对若干人物地生动描写，精准勾画出50-70年代典型人物的悲喜人生。同时，作者是一个身患残疾的病人。正是以这样特殊视角，他细致入微地透析了人们的精神世界。几个包括自己、亲人和朋友在内的鲜明人物，赫然跃于纸上，从这群“小人物”的遭遇中，反映出那一时期政治风云的波澜壮阔以及人们对自己命运的无奈和反思。正因为我是同时代人，所以深有同感。作者当初的感悟和经历，有不少正是我自己的记忆。     文笔很好，朴实无华，惜墨如金，有京味，不卖弄。看似平铺直叙，款款道来，实则蕴含深意，给人思想留白。值得保留的好书。                                                 读者：高原
《我与地坛》上学的时候就读过，爸爸去世后，又拿来看，泣不成声。没有一个高深的词语，但是字字直戳人心。其中有一句话我抄过很多很多遍。“我甚至现在就能清楚地看见，一旦有一天我不得不长久的离开它，我会怎样想念它，我会怎样想念它并且梦见它，我会怎样因为不敢想念它而梦也梦不到它。
买这本书主要是想品味一下另类人生史铁生写出了很多我想过但是形容不出来的文字内容引人入胜合欢花那部分内容以前上学时学过如今读来仿佛就在昨天书本邮递过来保护很好印刷清晰装订有格调是我喜欢的风格
书的内容喜欢，喜欢作者细腻的描写，使我浮想联翩，我对这本书有着特殊的情感。可是书里面从193到202页就一直重复，使我的心情跌入谷底，本有着特殊感情的书一下就索然无味，我买的是纪念版，可对于我来说纪念的意义荡然无存！
以前学过他的一篇课文，当时老师很推荐我们看，现在有条件买来看看顺便怀念一下。有折损，但是还能接受，不影响。人民出版社的书依旧那么好，很喜欢！总体很好，还是五星了。
第一次买史铁生的作品，读了很受感动，特别是妈妈到地坛找他的那段文字，妈妈不仅心疼他，还理解他，只是去找，找到了并不打扰他，可敬的令人疼惜的慈母的心。
内容挺好，纸张也没有其他毛病，就是这个字很让人无语。一大段话里突然就会有那么一两个字的字体与别的字体不同，而且不是个例，很多，现在我看到一半，又发现突然出现了几个加粗的字体，奇奇怪怪的。但不影响阅读。
开始读这本书是因为有介绍说这里面有作者对生与死的思考，的确作者的这番思考很精辟。但是对于我们大部分处在或正在走向巅峰的年轻人并不怎么会思考死这样的问题。对于人生的迷茫到是有很多，作者以一份精妙的设计向我们解释了目的的虚无和绝望，并教我们以珍惜过程，享受创造过程的美好。"
你也走了很远的路吧（新增2万余字，4篇文章，关于特殊时期成长的勇气，以及曾经的那些人）,"卢思浩 著,博集天卷 出品",2022-09-26,¥24.90,"—你也走了很远的路吧！—是啊，终于又见面了！浩叔叔的书总是不会让人失望，依然我喜欢的那个样子。“It's a Long Journey.你要变成想象中的样子，这件事，一步都不能让”。
支持卢大！！！一次意外遇见老卢的书，从此无法自拔！他说:“只要心里有光，就不用害怕黑夜。继续走，不要怕。”他说他是个喜欢先说大话然后去拼命实现它的傻瓜。即便这是一个奔波的时代。喜欢这样的傻瓜，哦不，是喜爱，也羡慕。不得不承认的是有时候就是需要文字的力量支撑着你熬过只有你自己的时光，特别地，那些跟你有一样感触的文字，类似的故事…或许，都能给予你或多或少的力量，安慰你无处安放的情绪…至少我需要。
很不错，喜欢卢思浩哥哥的文笔，很暖，让人看到希望，充满阳光去认识生活，故事很好，都是作者所经历的。如果你此刻迷茫可以看看，看看里面的故事，跟作者感受一下生活的乐与苦。真的很谢谢在此刻高三遇见，谢谢，谢谢卢思浩陪我度过高中，接着，高三加油 。真心推荐。
你也走了很远的路吧！是啊！等卢大的新书等了很久，终于到货，浩叔笔下的文字依旧让我欣喜若狂。如果不能并肩同行，那就假装恰好路过。?虽然你不知道这恰好路过的背后，是向着你的方向一路飞奔。?卢大在新书中记录了很多关于亲情、友情、爱情故事。故事中的他（她）折射着现实生活中的你和我，讲述着每个人在这个年龄都会遇到的事情，或苦或甜，或涩或酸，都是成长的必备剂，都会对你的人生产生影响，无论一帆风顺还是受尽痛楚，请你稍作歇息，继续向前。笔触下的文字满蕴着希望，充满着阳光，感染着每一位读者。也成了鼓励我从高中到大学在至毕业源源不竭的精神…
你也走了很远的路吧！是啊！等卢大的新书等了很久，终于到货，浩叔笔下的文字依旧让我欣喜若狂。如果不能并肩同行，那就假装恰好路过。?虽然你不知道这恰好路过的背后，是向着你的方向一路飞奔。?卢大在新书中记录了很多关于亲情、友情、爱情故事。故事中的他（她）折射着现实生活中的你和我，讲述着每个人在这个年龄都会遇到的事情，或苦或甜，或涩或酸，都是成长的必备剂，都会对你的人生产生影响，无论一帆风顺还是受尽痛楚，请你稍作歇息，继续向前。笔触下的文字满蕴着希望，充满着阳光，感染着每一位读者。也成了鼓励我从高中到大学在至毕业源源不竭的精神动力。你也走了很远的路吧，街角的霓虹灯亮了又暗，暗了又亮，见识了夜间的车水马龙，人情过往，步伐不停的衡量了一个城市的方圆，一天的卡路里也已消耗殆尽。如果觉得累，没关系，那我陪着你，陪你一起走到出头的那一天。卢思浩，谢谢你陪伴我这么多年，与我一同成长，你成了我坚持在纸质书的唯一理由。最后，坐等浩叔签售活动~
祝你早安午安晚安凌晨2时还在捧着卢大的新书，卢大在新书中写到：“我知道，你走了很远，走得很累；但希望你还能遇到让你坚定的人和事，真心不被辜负，信任的人都值得。”瞬间为袭来的孤独感而泪流满面。在这个真情总被无情笑的时代，我们或悲或喜，或忧或愁，不同的人生过往，却惊喜又悲伤的在卢大的文字中看到了自己曾经愚笨的影子，想起了自己曾经为喜欢的男孩子而丧失了自我。卢大笔触下秉持着一如既往的温暖，清新，在前行的路上，予我们以力量，把生活写成故事，熬成汤，一瓢一瓢精心酿制，很多瞬间，会让我觉得，说的就是我自己，只是无论相遇、离别…
祝你早安午安晚安凌晨2时还在捧着卢大的新书，卢大在新书中写到：“我知道，你走了很远，走得很累；但希望你还能遇到让你坚定的人和事，真心不被辜负，信任的人都值得。”瞬间为袭来的孤独感而泪流满面。在这个真情总被无情笑的时代，我们或悲或喜，或忧或愁，不同的人生过往，却惊喜又悲伤的在卢大的文字中看到了自己曾经愚笨的影子，想起了自己曾经为喜欢的男孩子而丧失了自我。卢大笔触下秉持着一如既往的温暖，清新，在前行的路上，予我们以力量，把生活写成故事，熬成汤，一瓢一瓢精心酿制，很多瞬间，会让我觉得，说的就是我自己，只是无论相遇、离别、还是重逢，都是路上的风景。“如今我走过很多地方，也算是看过世界辽阔，却依然觉得故乡最好。就像你看遍了银河，也依然独爱你最钟爱的那颗星”。因为热爱，所以坚持，无法妥协，所以拼命。在薄情的世界，请深情的活着，遇见卢大的文字就成了我最大的幸运。如果再次遇见曾经的男孩子，我想对他说:“祝你早安午安晚安”。感谢卢大予以我的感动！
如果有人这么问你，为什么还要看纸质书，为什么还要去写信，为什么还要不远万里去见一个人。你告诉他：因为你偏要在这个薄情世界里深情的活          ——摘自卢思浩《你也走了很远的路吧》（Ps：拿到了卢大的亲笔 灰常开心 可19号你来上海我去不了）
你也走了很远的路吧，一路跌跌撞撞坚持到这里。那么未来也请你坚定的走下去。这些年在卢思浩身上学到很多东西，那么，谢谢你，会陪你从现在到未来，做彼此的安全感。（卢思浩签个名都是爱我的形状）
#你也走了很远的路吧 #新书预售就入手了现在刚刚开始读卢大大的书 总是会让人在里面看到一些身影我们的 他们的或者那些遥远存在的书籍美好的地方在于它以陌生而又熟悉的文字 给你温度而我们在这样的温度里 会走很远很远 却不觉得孤独
终于等到啦，一直都喜欢卢大的书。你要忍，忍到春暖花开；你要走，走到灯火通明；你要看过世界辽阔，再评判是好是坏；你要铆足劲变好，再站在不敢想象的人身边，旗鼓相当；你要变成想象中的样子，这件事，一步都不能让。那26号合肥见
暖男卢思浩的新书 跟他人一样 温暖细腻，书里的很多故事贴近生活，是我们每个人可能要经历的，让人感触颇深，犹如他的书名：你也走了很远的路吧……"
被讨厌的勇气：“自我启发之父”阿德勒的哲学课 岸见一郎,"岸見一郎, 古賀史健",2020-03-05,¥27.50,"拿到这本《勇气》，一口气从序言翻到后记，才惊觉时间已快一点。上一次像这样熬夜看书，都记不起是什么时候了。书中有一些理论对我来说是全新的。比如说「课题分离」这个说法。阿德勒认为在人际关系上，要将自己和别人的课题分离，只解决自己的课题，同时尊重别人的课题。因为别人如何对待你、要怎么做，那是别人的课题，你根本无法左右。同样的，你也有你的课题，也是别人无法涉足的，只能靠你自己。人际关系之所以出现问题，正因为我们混乱了彼此的课题。这个观点将我以前一些模模糊糊的认知进行了高度提炼，让我一下子认清了人际关系的本质，同时也直接改变了我与…
拿到这本《勇气》，一口气从序言翻到后记，才惊觉时间已快一点。上一次像这样熬夜看书，都记不起是什么时候了。书中有一些理论对我来说是全新的。比如说「课题分离」这个说法。阿德勒认为在人际关系上，要将自己和别人的课题分离，只解决自己的课题，同时尊重别人的课题。因为别人如何对待你、要怎么做，那是别人的课题，你根本无法左右。同样的，你也有你的课题，也是别人无法涉足的，只能靠你自己。人际关系之所以出现问题，正因为我们混乱了彼此的课题。这个观点将我以前一些模模糊糊的认知进行了高度提炼，让我一下子认清了人际关系的本质，同时也直接改变了我与人的相处方式。
墙裂推荐的一本书！一口气看完的书不多，对话精彩，一步步慢慢的引导读者的思绪，有共鸣又有疑问，又慢慢认同，很受启发，我想我也“喝水了”，特别感谢遇到这本好书，对我来说太受用了！看完立马订了续集，幸福的勇气。
对话的形式让人看得很轻松，人生的哲理全蕴含其中了。很多人活得都不自由，也不是真的幸福，这是值得深思的问题啊。很多人都推荐了这本书，一定要好好读，希望能有所感悟。
边看边做笔记所以看得慢。有时候你无意中拿起的一本书可能会改变你的一生，这本书就是我的世界观转变之“贵书”。感谢阿德勒和岸见一郎、谷贺史健，让我了解到人生是可以这样来看待的。
深受启发，这本书通过哲人与青年的对话，尖锐地揭示所有的一切的出发点应该是自身，而不是一味地从外界出发埋怨外界种种因素;其次，目的论颠覆了以往的因果论，我们每每做一件事或一个决定，都有一个隐藏的目的。总而言之，一本宝藏书籍。这本书包装挺好，没有受损。喜欢。
现在，你眼中的世界呈现出复杂怪异的一片混沌。但是，如果你自身发生了变化，世界就会恢复其简单的姿态。 因为，问题不在于世界如何，而在于你自己怎样。
纸质很好啊，我家大张伟演唱会上给推的书，要看要看，看了第一章，书中的内容都是以对话的形式进行的，希望自己能有所感悟
这本书让我开始重新思考生命的意义，很多观点都让我有当头棒喝、醍醐灌顶之感，读起来十分痛快，恨不得一晚上读完，可读完后，你却希望再多读一遍，慢慢咀嚼，让回甘在脑中持续得久一些。判断一本书的好坏在于这本书带给人多少新思考和改变，我相信，等过一段时间再读它时，又会有不一样的感受，也许我已经潜移默化的在实践着其中的教义，会有更深的共鸣。
哲人说，是我们主动选择了自己的生活方式。是的，我们每个人在小的时候，对过往发生的种种事情，在心里就会做出自己的选择，自己的决定。以前在书上看到过这样一个例子：一对夫妻有三个孩子，丈夫对妻子不好，经常家暴妻子，孩子们都看在眼里。大儿子看到的是暴力能解决问题，所以他选择了像他父亲一样地暴力对待妻子。二儿子看到的是母亲很可怜，他选择要像保护他母亲一样的保护他的妻子。三儿子看到的是婚姻的不幸，所以他选择不结婚。所以，我们的人生是可以选择的。既然可以选择，那我们是可以改变现在的生活方式而选择另一种生活方式。哲人还说，要有摈弃现在…
哲人说，是我们主动选择了自己的生活方式。是的，我们每个人在小的时候，对过往发生的种种事情，在心里就会做出自己的选择，自己的决定。以前在书上看到过这样一个例子：一对夫妻有三个孩子，丈夫对妻子不好，经常家暴妻子，孩子们都看在眼里。大儿子看到的是暴力能解决问题，所以他选择了像他父亲一样地暴力对待妻子。二儿子看到的是母亲很可怜，他选择要像保护他母亲一样的保护他的妻子。三儿子看到的是婚姻的不幸，所以他选择不结婚。所以，我们的人生是可以选择的。既然可以选择，那我们是可以改变现在的生活方式而选择另一种生活方式。哲人还说，要有摈弃现在的生活方式的决心，要有获得幸福的勇气。就是我们现在经常说的要走出生活的“舒适区”，选择另一种不同原来的生活方式，面对不确定的未来人生，这是非常需要勇气的。
基本上每一句都能颠覆我的价值观，也许我早就需要阅读一本这样的书来重新改变我对身边事情的看法了。"
真希望你也喜欢自己（房琪shou部作品重磅上市！写给所有年轻人的成长通关秘籍！杨天真、大冰、鲁豫、张含韵诚挚作序推荐。）,房琪kiki 著，磨铁文化 出品,2022-09-28,¥37.30,"喜欢自己的人，才会信任自己。信任自己的人，才会对自己选择的那条路、走上那条路的姿势、走完那条路的方式，坚定不移！真希望你也喜欢自己～
包装很好，有外包装白色气泡袋，内纸盒包装，还有塑封膜。纸张不错，比较厚，印刷也清晰。里面有一封信。打开看了一会儿，还比较喜欢。
房琪的文字好有力量，给朋友看房琪写的信朋友说好高级。入股不亏
也许是美，也许是感同身受，也许是回忆。一本看完总有眼泪留下来，为了自己。纸质很多地方都不干净！
因为看了房琪的视频，才想着看看她写的书，感觉房琪的旅行与文字的搭配，让人向往又充满想象，文字里有一种古灵精怪的跳脱，真实又可爱，希望房琪能继续走喜欢的路，分享更多的美景，散发自信和魅力～
本大一学生一定要说这本书真的做得太棒了！你是谁、你要去哪里、你该如何抵达、你会选择什么样的战友、你该如何把自己变成方法，房琪姐姐毫无保留的分享真的让我受益匪浅。我永远喜欢房琪姐姐！
挺好的励志书，对于即将踏入社会的学生或是涉世未深的人来说是值得读的，房琪在书中遇到的问题，提到的经验以及解决问题的一些思路都有值得借鉴的地方，仔细感悟一下对以后的人生路还是有所裨益的
在琪琪直播的时候买的，很超值的一本书，毕竟对我们学生党来说，经济方面还是考虑的，好在这本书很实用，能学到知识！
看了这本之后发现偶尔看看励志书也不错，快毕业了，要真正面对社会了，主要是能找到很多共鸣，然后激励自己吧
从20年开始喜欢房琪，看着她一点点被大家知道，这本书还原了我不知道的房琪，原来真的有人温柔又有力"
带壳的牡蛎是大人的心脏（当当专享签章版+作者亲绘贴纸。火爆全网现象级漫画，白茶、沈月、阮筠庭、文森特动物园推荐！）,拟泥nini 著绘  时代华语 出品,2022-09-01,¥40.80,"感谢作者创作出这么真诚的作品，《带壳的牡蛎是大人的心脏》这个故事虽然已经在公众号看过了，但是再看一遍还是哭了。特别是工作一周之后感受更深，生活真的好累啊。
nini画风可爱的同时又很有内容很推荐给大家！唯一不开心的是当当网包装不太好，书收到的时候表面有重重的压痕！
超棒的漫画书！看完感觉自己又何尝不是阿猪，在这个快时代能看到这种让人深思的漫画真的很治愈我爱nini！！！
“如果难过的话，就往前跑吧。越往前跑，就离今天的难过越远。远到再也看不见了。”“可是有些难过不管跑多远都看得见。”“重要的是跑下去啊，跑下去，总有一天会看不见。”
故事感这么强的漫画书第一次看，作者太细腻了，超喜欢向日葵花园系列
非常好的书，翻开书本的刹那，感觉自己瞬间被治愈了，推荐。
柠檬、苹果、梨等脸裂开那篇，乐死我了。也好喜欢小猪在最后说的那句：就算现在不棒，以后也会很棒
超治愈啊，和第一篇故事中的小猫有着一样的遭遇，看流泪了，现在我要变成大人，保护妈妈了
好有质感的一本书啊！自己买了一本，又给朋友买了一本，哈哈
我最爱的阿猪和阿兔啊，你们太可爱了，我要将你们带回家"
活着（余华代表作，精装，易烊千玺推荐阅读）,余华  著 ，新经典  出品,2021-10-01,¥31.00,"虽然已经读过多遍，看到《活着》出了新版还是毫不犹豫地购买，毕竟是我的文学启蒙书之一。附赠手稿让人感受到文字的温度，值得收藏一下。
特别喜欢余华老师的《活着》，这次看手稿曝光立刻买了。这本书对我有特别的意义，打算找个框把这个手稿裱起来试试，哈哈
《活着》是余华的代表作，这么经典的作品一定要买来读一读。正好赶上新版出了，还送了余华的手稿复刻，好惊喜！
余华的每一部长篇小说，都震撼着一批又一批的读者。他的长篇小说是中国当代文学中的经典之作。也是一位我很喜欢的当代作家。 电影《活着》根据余华同名原著小说改编，1994年由张艺谋执导，葛优、巩俐等主演。《活着》是一个中国老百姓大悲大喜的故事，影片透过主人公富贵的一生遭遇，以贴近生活的小人物通俗剧风格，涵盖着人在历史中的命运无法掌控的生命之痛，部分反映数十年来中国老百姓的命运观。在这一部两小时的电影，记录了近代中国的变迁。我忘不了巩俐在深巷里的痛哭。也忘不了一户人家，命运经历了大起大落，痛苦有过，幸福也有，终究还是活着。此时此刻我们…
余华的每一部长篇小说，都震撼着一批又一批的读者。他的长篇小说是中国当代文学中的经典之作。也是一位我很喜欢的当代作家。 电影《活着》根据余华同名原著小说改编，1994年由张艺谋执导，葛优、巩俐等主演。《活着》是一个中国老百姓大悲大喜的故事，影片透过主人公富贵的一生遭遇，以贴近生活的小人物通俗剧风格，涵盖着人在历史中的命运无法掌控的生命之痛，部分反映数十年来中国老百姓的命运观。在这一部两小时的电影，记录了近代中国的变迁。我忘不了巩俐在深巷里的痛哭。也忘不了一户人家，命运经历了大起大落，痛苦有过，幸福也有，终究还是活着。此时此刻我们都活着。看过电影，没有看过原著的我，特地去看完了这本《活着》，当我看完后我发现原著要比电影还有震撼，简单平淡的语言，真实感人的故事，没有过分的深情渲染，华丽的描写手法，却能打动人心。比电影多了很多细节，有很多很黑暗的地方被电影略去了，其实很多内容还是很深刻的。这部作品的名字叫《活着》，作为一个词语，“活着”在我们中国的语言里充满了力量，它的力量不是来自于喊叫，也不是来自于进攻，而是忍受，去忍受生命赋予我们的责任，去忍受现实给予我们的幸福和苦难、无聊和平庸。作为一部作品，《活着》讲述了一个人和他的命运之间的友情，这是最为感人的友情，因为他们互相感激，同时也互相仇恨，他们谁也无法抛弃对方，同时谁也没有理由抱怨对方，他们活着时一起走在尘土飞扬的道路上，死去时又一起化作雨水和泥土。在《活着》中每一个人的离去，都平淡得让人心碎。福贵的爹死在村口的的粪缸旁，有庆因为抽血过多而死去，还有凤霞家珍二喜甚至只有五岁的苦根……每一个平静的死去，心里就忍不住酸楚多一分。纵然作者没有用太多的笔墨去描述场景，也没有将悲惨画面道得详尽，但那些悲凉已经悄悄吞噬心房，让眼泪瞬间地崩溃。  我不知道是什么触动了我的心灵。也许是有庆。这么一个纯真懂事的男孩。在那个年代，连粥汤都喝不到，饿了只能趴在池塘那喝几口水，却记得每天拔草去喂羊，自己饿的像根柴火，不停地提醒父亲不要把羊卖给肉铺子的。在学校号召大家要给刘县长的女人鲜血的时候，着急想跑到最前面。当告知自己的血型吻合的时候还高兴得不得了，乖乖地伸出干瘪的手，被抽到心跳停止……这件事情的发生完全措手不及，我是说对于我，作者当然游刃有余，将一把刀插进我的心里，也不留时间给我哀悼，没几页，就把这个孩子给翻了过去。  是社会的无奈，还是黑暗。是责备那些医生，还是那个县长……我不知道。但凡有那么一个人，有那么一点慈悲的心，这个孩子都不至于以这种方式死去。这个书中虚构的人物，却让我感知到，这个世界真的有这样的人生存在那样的环境之下。弱小无力天真懂事，却被别人给扼杀《活着》作者以第一人称叙述的方式书写了“我”在乡下游历时听到的福贵跌宕起伏的人生故事。“我比现在年轻十岁的时候，获得了一个游手好闲的职业，去乡间收集民间歌谣。”在乡下采风的时候，“我”遇见了福贵，一位普普通通的乡间长者。在和福贵的交谈中，他向“我”讲述了他的故事。而在福贵讲述的过程中，小说采用的是福贵的第一人称叙述，而非常见的第三人称叙述，因而也取得了别样的艺术效果。这样的艺术效果，别具一格。在作者看来如果从旁观者的角度来写，那福贵的一生里则除了苦难还是苦难，而当福贵从自己的角度出发，来讲述自己的一生时，他苦难的经历立刻充满了幸福和欢乐，他相信自己的妻子是世上最好的妻子，他相信自己的子女也是世上最好的子女，还有他的女婿她的外孙，还有那头也叫福贵的老牛，还有曾经一起生活的朋友们，还有生活的点点滴滴……在福贵的世界里，做人，首先就是活着，能与自己的亲人活着，那便是幸福了。生命是属于每个人自己的感受，不属于任何别人的看法。喜欢这样一本好书，没有控诉无意褒贬，只是默默地生、努力的活。一次次看到命运对他们无情加码，似乎要被虐亡，然而一次一次，始终没有倒下，又默默弓起腰生活，虽然被压得一寸寸低下去，还是要活着，活着就好。让我们看到了生活的绝望，也看到了生命的韧性。
看了作者的序，才对书名“活着”有了一些认识：福贵年轻时混账度日，活着就是当一天和尚敲一天钟；被拉去打仗，为了回到妻子儿女身边要努力存活下去；回乡后，经历人民公社化运动、文化大革命，家里条件每况愈下，但是妻子贴心，儿女懂事，家庭美满，活着有了幸福的意义。虽然他后面接连失去了儿女、妻子、女婿和孙子，但他曾经有过幸福和喜悦、磨难和痛苦，可以说没有白白度过一生。最后直到福贵自己孤身一人，唯一头老牛陪伴，没有了任何牵挂，他才开始纯粹地、不为任何目的地活着。福贵前半生如此混账，又经历了诸多磨难，最后却唯他一人苟活于世，他是幸运的。同时…
看了作者的序，才对书名“活着”有了一些认识：福贵年轻时混账度日，活着就是当一天和尚敲一天钟；被拉去打仗，为了回到妻子儿女身边要努力存活下去；回乡后，经历人民公社化运动、文化大革命，家里条件每况愈下，但是妻子贴心，儿女懂事，家庭美满，活着有了幸福的意义。虽然他后面接连失去了儿女、妻子、女婿和孙子，但他曾经有过幸福和喜悦、磨难和痛苦，可以说没有白白度过一生。最后直到福贵自己孤身一人，唯一头老牛陪伴，没有了任何牵挂，他才开始纯粹地、不为任何目的地活着。福贵前半生如此混账，又经历了诸多磨难，最后却唯他一人苟活于世，他是幸运的。同时福贵家人的不幸离世在那个年代，是很可以理解的。当时条件不好导致身体素质差等等，也是其中悲剧的诱因之一。于是觉得如今的和平真的来之不易，好好活着啊。
在买这本书之前读过一遍《活着》，被在那样的环境下走过的福贵的故事震撼到了。当面对命运的坎坷，当身边的人一个一个地离开，很多时候都是无能为力的，也只能带着这种无力感被时间推着继续向前走，简单地活着，为活着而活着，最终归于平静……好书值得再读，这个版本我非常喜欢，值得收藏。
对于余华笔下的这个故事。老谋子用电影讲述的，我始终未看。电影似乎只是拍摄了全书的一部分，而并未将整个故事讲完。后来的电视剧版倒是从头拍到尾，但是到底还是没有完全按照原著来拍。它给观众留了一个充满希望的结局，不至于显得太过悲凉。而原著小说读起来所带给读者的，似乎真的是充满的太多的心酸与无奈。福贵的一生真可谓是坎坷不平的。家财散尽，妻儿尽失，连最后唯一的希望，小外孙都意外的死亡，只剩下一头老牛作伴。这样的人生是不是太过于凄惨？可其实这就是每一个人生命中都会经历到的，只要这个人活的比他的亲人时间要长。他就会不断的面对失…
对于余华笔下的这个故事。老谋子用电影讲述的，我始终未看。电影似乎只是拍摄了全书的一部分，而并未将整个故事讲完。后来的电视剧版倒是从头拍到尾，但是到底还是没有完全按照原著来拍。它给观众留了一个充满希望的结局，不至于显得太过悲凉。而原著小说读起来所带给读者的，似乎真的是充满的太多的心酸与无奈。福贵的一生真可谓是坎坷不平的。家财散尽，妻儿尽失，连最后唯一的希望，小外孙都意外的死亡，只剩下一头老牛作伴。这样的人生是不是太过于凄惨？可其实这就是每一个人生命中都会经历到的，只要这个人活的比他的亲人时间要长。他就会不断的面对失去的痛苦。主人公福贵这辈子既享受过也倒霉过，既因祸得福过也因福得祸过。他不过是一个平凡而又普通的小人物，而对于这样的小人物来说，活着即是一切。哪怕遭遇与打击一次次的袭来，亲人一位位的离去，最后只剩下福贵一人留在这世上，他依然能够坦然的活着，能够将这一生的故事讲述给别人来听。这倒不是福贵的内心有多么的强大，也不是他的性格有多么的坚强。而是他似乎明白了人生的真正意义其实就是活着。不管经历过什么，失去过什么，只要生命尚且存在，日子总是能够过下去的。人若心存高远，志在四方，固然是一件好事，真若心愿达成，也不枉此生。但这并不代表像你我与福贵这样的小人物的平凡一生就是浑浑噩噩。其实每一个人的一生经历都是一部书一出戏，只不过是悲喜长短不一而已。只要生命存在，人还活着，这出戏就尚未落幕，就必须一直演下去，而活着就有无限种可能的存在。就像这个故事的最后所记述的那样。卖牛的告诉福贵，他买的老牛最多只能活两年三年，而福贵却很知足，他认为自己恐怕还活不过老牛。结果他们却出人意料的活到了今天，被别人说是“两个老不死。”人生的事情，跌跌撞撞，起起伏伏，是是非非，谁又能够完全讲得清楚呢。能活着就是一种满足。活着就好。至少书中的福贵是这样认为的。
一首美国的民歌，寥寥数行的表达，成长了福贵动荡和苦难的一生，也是平静和快乐的一生。余华的文字，在深渊中跳舞，似跌入一个不可逆的空间，生命的底色在他笔下是那样赤裸裸的真实，触及他们生活的质地，撕扯着你的神经，苦中作乐。或许，根本不必探寻什么意义，活着本身，就是最大的不易。想起沈从文描绘的湘西人的生活，也是这样一种本色，再见一些所见过人类的残酷，追出那些眼泪同笑声的损失。在字里行间中，可以读到沉重的悲悯，阵阵刺痛。尼采说过，凝视深渊过久，深渊将回以凝视，好象生死并无抉择。余华用冰冷的语调写尽了人生的悲哀，峰回路转后又陷入绝路…
一首美国的民歌，寥寥数行的表达，成长了福贵动荡和苦难的一生，也是平静和快乐的一生。余华的文字，在深渊中跳舞，似跌入一个不可逆的空间，生命的底色在他笔下是那样赤裸裸的真实，触及他们生活的质地，撕扯着你的神经，苦中作乐。或许，根本不必探寻什么意义，活着本身，就是最大的不易。想起沈从文描绘的湘西人的生活，也是这样一种本色，再见一些所见过人类的残酷，追出那些眼泪同笑声的损失。在字里行间中，可以读到沉重的悲悯，阵阵刺痛。尼采说过，凝视深渊过久，深渊将回以凝视，好象生死并无抉择。余华用冰冷的语调写尽了人生的悲哀，峰回路转后又陷入绝路，于是太多的悲怆过后反而有种彻底的平静。这是一部充满血泪的小说。通过一位中国农民的苦难生活讲述了人如何去承受巨大的苦难；讲述了眼泪的丰富和宽广；讲述了绝望的不存在：讲述了人是为了活着本身而活着……说的是活着，却讲述了一个又一个的死亡。小说中的主人翁福贵是民国时期的一个地主家的少爷，年轻时由于嗜赌放荡，输尽家财。父亲被气死后，福贵一家成为佃农，并很快被国军抓壮丁卷入国共内战。随着内战、三反五反，大跃进，文化大革命等社会变革，他的人生和家庭也不断经受着苦难，所有亲人都先后离他而去，仅剩下年老的他和一头老牛相依为命。余华因这部小说于2004年3月荣获法兰西文学和艺术骑士勋章。时代变迁，命运浮沉，生活的戏剧化让人始料未及，每个人的命运都被时代裹挟着前行，都如同浮萍，终究一切归于尘土。整部小说带来的恐惧感、窒息感让人得忍着心肠看，却又忍不住掉眼泪。因这部小说，我还去看了陈创的电视剧版《福贵》和葛优的电影版《活着》，剧版几乎全面超过了电影版。《福贵》这部戏笑中带泪，坎坷生活中寻找生存的希望，无论是对原著主要人物的还原还是次要人物的延伸都很出色，人物角色丰满，细节间铺满张力，其中胡老师的人物创作和花鼓灯的情节设定尤为绝妙。整部戏平实质朴，没有对时代的激烈控诉，但却把一切小人物大时代的悲哀展露在你面前。每个人都在承受苦难，每个人都在尽全力生活，比电影版人物塑造更丰满，剧情更完整，多了一些温情和诙谐。陈创在此剧中的表演已经不能用演技精湛去形容，因为他让人觉得他就是福贵，已与角色合而为一。电视剧比小说更侧重的是中国的变迁，比张艺谋、葛优的电影更接地气。从小说到现实，福兮祸兮，命运难料，将空间和历史重现在银屏的梦境中，这既是一部家族史，也堪称一部民族史诗。小说里没有的线索，在电视剧和电影里却都有了堪称主线的设定。电视剧里是花鼓灯，电影里是皮影戏。在剧里，花鼓灯的印象尤为深刻，福贵因花鼓灯与家珍结缘，年幼的有庆因为抽血而离世，福贵埋葬他以后，就在他坟前不停地跳花鼓灯，那一幕，让我泪水奔溃而出。 同样的场景在家珍去世时又上演了一次，福贵在快要离开人世的家珍面前跳花鼓灯，跳啊跳啊，一边跳一边笑，老泪纵横，他跳进了对往昔的回忆里，那巨大的哀痛反而通过轻飘飘的花鼓灯展现出来，让人悲恸难抑。电影版《活着》太“活着”了，有一种强烈的说教意味，个人并不喜欢。剧版《福贵》人物更加饱满，娓娓道来，残酷中泛着温情，让你对苦难和坚强有更深的领悟。福贵、家珍的不离不弃，凤霞、有庆的姐弟情深，满仓一家和福贵一家的邻里之谊，尤其是增设的凤霞和胡老师的初恋，胡老师和有庆的师生之情，二喜的爱与厚道及敢于承担，它讲述了一个人该怎样活着，讲述了眼泪的宽广……小说最后结局是苦根病中很饿，吃了很多豆子被撑死了，福贵又要一个人向前生活。 而剧版和影版中的苦根（馒头）还活着，少了点原著的悲怆感 ，谱写一曲时代变革下的百姓悲歌，在人们阴沉的心上终于投上一抹亮色。福贵的一生，让我们看到了中国那几十年的风雨变迁。其间真情让人感动，死亡让人悲伤；而，福贵的活着，又让人充满希望。 这也让我想起自己的大爷爷。大爷爷年少时，有一天正在给牛铡草，突然来了抓壮丁的，情急之下，爷爷把右手食指伸进去，把右食指上半截给铡了。因为不能扣动扳机，不能去打仗，故因此逃过了一劫。我幼时常摸着他那半截已磨得圆滑的食指，听着爷爷笑着说这些，仿佛岁月的冷刀在他身上并没有刻下痕迹。同样是抓壮丁的一幕，福贵就没有爷爷这么幸运。福贵在去城里给娘请郎中时被抓壮丁，跟着北去的炮队越走越远，饥寒交迫，死里逃生 ，就这样过了将近两年后，在解放军的帮助下，满身泥土踏上家乡的路。被生活逼到了绝路，依然存有活着信念的福贵，没有福气也没有富贵的福贵，他的福贵来自于妻子家珍，在他落魄后妻子家人对他不离不弃，不幸的是这些人都离开了他，只剩他一个人活着。小说中印像最深的就是福贵家人一个接一个的死亡，努力生活的人却只能在残酷下苟延残喘，如百年孤独最终一个家族覆灭。一家人幸福在一起，成了活着的最大奢望。我相信文字的力量，相信戏剧的力量，我更相信活着本身带来的力量。
一口气看完了，我还会看第二遍第三遍…那样的人生，却还是要活着…人啊，就是为了活着而活着
余华的活着我第一次看时就已深深地震撼了我 文中的一个又一个的悲剧将这本小说推向高空 一夜之间所有的美好破灭 想起书中前言说到有人曾问过余华 这本书那么悲惨为何不叫生活 我想 历经沧桑和伤害不管心里多伤痕累累 我们仍要勇气活着!"
长安的荔枝,"马伯庸 著,博集天卷 出品",2022-10-31,¥29.00,"马伯庸，以一个九品小吏的视角，写了一个有原型历史的小说。故事很短，道理无穷，书与人，皆如人与人之间，相识尔尔，莫在于缘分有时。
原以为在古代物流不发达的情况下，博得妃子一笑最难的制约因素是空间距离，却原来任何时候最大的阻碍都是人心…
4小时读完，很是精彩！！！读完有感:1.不要瞧不起身边任何一个人，哪怕职位低微，也许有一天，Ta都有可能帮上你。2.和光同尘，雨露均沾，花花轿子众人抬。3.自己有过人的本领，才不至于被挤出局。4.对谁，最好都能做到态度好。5.好朋友就是这样～你忘了带酒，但我还是愿意给你拿丹荔。
很小巧的一本书，里面的地图让我想收拾收拾东西直接去闯荡江湖！当初是一位老师推荐的，讲的是古代人打工的故事，个人觉得这本书早晚会被拍成电视剧，拭目以待
原来职场搁哪个时候都一样都会有被领导同事坑、都会有被其他部门踢皮球、都会有你干的好显得别的同事不作为被穿小鞋或者使绊子的…还真的是只有自己强大了，最终才能成事儿…打工人共勉了
感觉读来非常顺畅，不需要预先铺垫，直接被这个故事吸引，不知不觉间已看了许多，让人情不自禁地读下去。读此书也更像是在读一部古代职场史，也非常励志，让人精神振奋！
马伯庸是一个奇才真的很会编故事，我差一点以为这就是真实的唐史。很好看，是在看完显微镜下的大明之后微友雪原推荐看的。很喜欢的一本书。
这本书已看到三分之一说了如何在生存面对难题如何去应对为了荔枝博杨贵妃一笑圣上就要底下想尽各种办法去完成
一口气读完，意犹未尽。一句一骑红尘妃子笑，衍生出这本小册子。脑洞大开。一句流程是弱者才要遵循的规矩，道尽规则，入木三分。时代的一粒沙，小人物的命运。
都说历史可读成当代史，马伯庸更干脆，把历史故事写得完全当代。桂花树上挂满了荔枝，对于结局他没有失败却失去了太多，统统不足为奇。"
蛤蟆先生去看心理医生（热销300万册！英国经典心理咨询入门书，知名心理学家李松蔚强烈推荐）,罗伯特·戴博德，果麦文化 出品,2020-07-01,¥19.00,"幸运的阴郁症患者蛤蟆遇到了专业的苍鹭心理咨询师，但他的幸运首先是朋友们给的，因为如果没有河鼠、鼹鼠和獾，他可能已经自杀在蛤蟆庄园了。世界上没有一个生命体是独立存在的，也并不是所有的生命体都了解自己所处的状态，蛤蟆在苍鹭的引导下认识和了解到了自己，找到了真正的病因，获得了重生。是一本值得反复阅读的书！
超级赞的辅助疗愈、心理学入门的书，没有无聊的案例与说教，也没有晦涩难懂的专业术语，整本书读起来很轻松，不知不觉被“苍鹭”引导着，和蛤蟆先生一起开始了一场疗愈历程。听过很多情感专家讲“要跟自己和解”但是并没有真正得到“跟自己和解”的方法，在这本书里不仅get到了原理，还和蛤蟆先生一起运用了起来，治愈自己的同时，也获得了充足的能量和方法，去和孩子相处，守护孩子的童年。帮助孩子搭好情感的底层架构。
这是一本通俗易懂的心理学书籍，深入浅出且生动的讲述了一个人如何寻找真我，与自己对话且做出改变的故事，深受启发，适合一读再读。
童年的经历、尤其是与父母相处的过程，影响了我们看待事物的方式&处理事情的方法；那时的感受和视角被固化、成为了后来“无意识”的情绪和行为。有段时间很多人讨论“原生家庭”、大家发现自身的很多问题都源于儿时的亲子关系。只是许多人到此为止就自发打住了——找到了责备的对象便不必扛责任。就像，恨一个人很容易、尤其是亲近的人，因为只要贯彻这种情绪就不必去想“为什么”、不必去试图了解对方、不用因为发现他们也是受害者而纠结。可说到底情绪是自己可以控制的、也就必须为此负责。总不能一边喊着要独立自主、一边把自己的不开心全部归咎于别人吧。
通过蛤蟆的咨询，呈现岀一个抑郁症患者从找岀病因到获得新生的故事。让大多数人了解抑郁症患者的内心感觉，以及人生经历的重要性，怎么过往往是自己选择的。最重要的是苍鹭作为咨询师的引导和剖析，给读者科普了抑郁症患者心理治疗的层层关联。
看了前几章有点不舍得看的感觉，太爱这本书了！！里面有很多话都能引起强烈的共鸣，金句太多，都是精华！很治愈。很少有父母要故意伤害自己的孩子，可是，父母也是人，会不可避免的把他们的观念和行为传递给后代，正如他们一定会把自己的基因传给下一代一样。
很奇妙的会有代入感，看到婴幼儿调整行为来适应特定情形时候，想到的是自己的宝宝，对于我和其他人愤怒的场景应该害怕却无助吧。希望通过此书可以拯救自己，让自己成为一个性格上优秀的妈妈，为自己的宝宝创造一个棒棒的童年。
机缘巧合为了凑单买的这本书，很是惊喜，因为太吸引人一口气看完的，能引发成长模式，行为方式的思考，甚至可以和育儿和教育关联，总之是一本清新自然却引人深思的书，看完心里暖暖的（话说还解决了我一个朋友的人际烦恼，她在公司时不时受师傅的气，师傅很容易发怒和指责，竟在本书找到了答案）
1：不论人们年纪多大，都可能处在儿童状态。2：父母其实拥有巨大的权力，可以对子女拥有绝对的控制权。3：成长的本质就是要减少并最终打破这样的依赖关系，这样才能成为一个独立自主的人。4：“处于‘父母自我状态’时，我们表现得正如自己的父母。
很早之前就听说且想买的一本书，但一直没有下单，可能是怕没有听说的那样好吧，最近离家出走状态很差，无所事事就买来翻了翻，差不多一个周末的时间就看完了，蛤蟆先生每去咨询一次就让我想到了自己咨询时候的感受和情景，看完后给咨询师发了微信，近期应该还会看第二遍！随后又下单了《你应该找个人聊聊》和《柳林风声》希望不负期待！也希望大家都可以慢慢好起来！"
病隙碎笔 2021纪念版（史铁生充满灵性光辉的生命笔记，启迪无数读者的长篇哲思散文经典）,"史铁生 著,博集天卷 出品",2021-11-01,¥24.00,"史铁生充满灵性光辉的生命笔记，启迪无数读者的长篇哲思散文，在深刻的困境中寻获信心与爱。特别附录史铁生先生亲摄照片，光影纪念，品读经典。
aaaaaa
包装非常结实，东西保护得很好，值得好评
喜欢史铁生的文字，从中得到很大的慰藉
感动(?_?)
喜欢喜欢的
很好很满意好评值得购买！
先习惯性好评吧
物流快，质量好
内容很精彩"
人生海海（麦家重磅力作，莫言、董卿盛赞，连续两年高居畅销榜，发行量超300万册）,麦家  著 ，新经典  出品,2019-04-16,¥27.50,"赫尔岑说：“书——这是一代对另一代精神上的遗训，这是行将就木的老人对刚刚开始生活的青年人的中选，这是行将去休息的站岗人对走来接替他的岗位的站岗人的命令。”期待一本新书！期待一种精神！
文字朴实、精准、幽默，开始读时会捧腹大笑，看到最后一页，合上书后，忽然泪如泉涌。“记住，人生海海，敢死不叫勇气，活着才需要勇气。”???
第一眼被这本书的封面给吸引住了，感觉很清纯、唯美，打开书感觉一种很真挚、很热烈的感情，渐渐的被麦家的文字给打动了。
麦家的身上永远有一种旁观者的气质，一旦他开了口，他的语言是那么的精准。他的细节是那么的触动，他的思想是那么的深刻。如果用一句诗来形容我读完《人生海海》的感受，那就是“回首向来萧瑟处，也无风雨也无晴”。
我看完了这本小说。只能说是：人生海海。是形容人生复杂多变，但又像大海一样宽广。前半部分话有点黄，下半部分有点悲。看上去是好人的，却做了坏事；看上去是坏人的，却做了好事。人生莫作亏心事！有本事还要有智慧。值得拥有！
非常让人心疼的一本书，上一次有这种感觉还是《活着》，再早是《你在天国遇到的五个人》，还有《追风筝的人》，还有我最最习惯的《挪威的森林》，值得一读的好书，四个小时读完！！！
这本书是新书 今年上个月初3.2才定稿 一口气看完 作者真的把书里的人物和故事写活了 看完我能把里面大大小小的角色全都能回忆起来 每一个都足够有特点 加上有真实的历史背景和人物 看得引人入胜 看完心里有种感动 又叹息 却莫名会生出一种生活的勇气。 读完这本书， 人生海海这四个字， 突然间，就有了重量。
人生海海这本书挺好看的，说解放前的一些农村生活，阶级斗争啊，人们那种生活状态，一开始挺好笑的，后来看着看着就很沉重了，整本书围绕上校开展的，上校是一个传奇人物，一生充满神秘色彩。
还没有看。比较期待，因为麦家老师真正转变了。《风声》《暗算》《解密》都看了，类型化，通俗化，希望《人生海海》能给我惊喜吧。
第一次读麦家这个作者的书，之前对这个人一点印象都没有。看了第一页之后就迫不及待的想一气呵成的看完。估计看完这本书会把这个作者的其他书刷一遍。最后提一个和书没有关系的建议，包装发货的时候选择一家大得快递，别用韵达这种lj。借鉴借鉴人民文学出版社发快递包装的"
钝感力（渡边淳一经典励志大作！央视新闻、《奇葩说》鼎力推荐，马东、蔡康永、杨天真、王俊凯推荐书目。写给易因小事敏感，什么都往心里去的人。),渡边淳一著；李迎跃 译;,2018-01-01,¥16.00,"我曾经是一个很爱聊天的人，并且自以为还具有了一点洞察他人心理的能力。可是我也不知道从什么时候开始，聊天似乎已经越来越淡出我的世界了。 工作中有事都做邮件、MSN和QQ上直接解决了，亲人之间工作之余的那点时间又时常被琐事所羁绊，而根本失去了聊天的机会。说实话，除了开会或极其特殊的原因，很少有两个人或几个人坐下来面对面地认真谈话的时候，可能这也是我之所以越来越不善于聊天，不愿意聊天的主要原因吧。 《超级聊天术》中，作者首先告诉我们：会聊天=拥有社会竞争力+良好的人际关系+生存能力这样的道理，其次就是从能够快速提升你的聊天力的 …
我曾经是一个很爱聊天的人，并且自以为还具有了一点洞察他人心理的能力。可是我也不知道从什么时候开始，聊天似乎已经越来越淡出我的世界了。 工作中有事都做邮件、MSN和QQ上直接解决了，亲人之间工作之余的那点时间又时常被琐事所羁绊，而根本失去了聊天的机会。说实话，除了开会或极其特殊的原因，很少有两个人或几个人坐下来面对面地认真谈话的时候，可能这也是我之所以越来越不善于聊天，不愿意聊天的主要原因吧。 《超级聊天术》中，作者首先告诉我们：会聊天=拥有社会竞争力+良好的人际关系+生存能力这样的道理，其次就是从能够快速提升你的聊天力的 “聊天没有实质内容≠没有意义；聊天是由打招呼＋α所构成；聊天不需要结论；聊天是利落地让话题告一段落和只要训练，不管和谁都能打成一片”等5个规则加以阐述，分析和总结了聊天准备以及话题延伸的种种技巧，令人耳目一新。 不过有一点，要说会聊天可能与良好的人际关系有着丝丝缕缕的关系，良好的人际关系又势必影响社会竞争力的高低，我是持肯定态度的，但是就会聊天就能够提升生存能力和闲聊力和职场安全网效应等观点来看，我还是持怀疑态度。我认为似乎有过度地定义了闲聊的价值的嫌疑，也可能造成使某些本来就不善于专研本职工作的人更加趋于懈怠和投机专营的后果，而根本忽略了职场中必须遵循的工作能力、工作质量以及做人做事其他方面的能力之于生存能力以及职场安全的重要程度。 聊天应该是生活和工作的辅助吧，在工作之余适当的有策略地闲聊，消遣的同时也为构建和谐的人际关系增加点力量当然是非常睿智的选择，但是如果把主要精力都用在闲聊上恐怕就因小失大了。
想聊天又不怎么会聊的朋友,读读本书大有裨益(若你压根而不喜欢聊天,那就换频道吧)。在现实的生活中，我们常常发现有些人特别能说特别爱说，话娄子。这其中，有的讨人喜欢，大家爱听他说；有的，会让人绕着走，怕听他的唠叨。能说善说还要说的让别人爱听，着实是个本事。本书就是教人掌握这项本领的。聊天和能说还是有些微差别，能说可能自顾自说，聊天却铁定要跟别人互动。要想人家愿意呼应你的话题，说说对方关心的事肯定没错，不过需要当心的事，一味只讲人家不涉及到自己，也会让对方产生不真诚感。所以，有必要也谈点自个儿的事。这其中，比例要拿捏得当…
想聊天又不怎么会聊的朋友,读读本书大有裨益(若你压根而不喜欢聊天,那就换频道吧)。在现实的生活中，我们常常发现有些人特别能说特别爱说，话娄子。这其中，有的讨人喜欢，大家爱听他说；有的，会让人绕着走，怕听他的唠叨。能说善说还要说的让别人爱听，着实是个本事。本书就是教人掌握这项本领的。聊天和能说还是有些微差别，能说可能自顾自说，聊天却铁定要跟别人互动。要想人家愿意呼应你的话题，说说对方关心的事肯定没错，不过需要当心的事，一味只讲人家不涉及到自己，也会让对方产生不真诚感。所以，有必要也谈点自个儿的事。这其中，比例要拿捏得当，以对方为主以自家为辅。聊些双方共同的遭遇是一个比较好的法子，容易把话题延续下去。当双方缺乏共同点时，聊聊时事、最新社会新闻是个安全有效的法子，哪怕是不相识的陌生人，亦可从这个话题下手。当然，这就涉及到对此类信息的搜集。可以说，倘若你希望掌握聊天术，储备可用来做聊资的话题相当重要。以请教的方式展开聊天，也是非常有效的切入点。想买点什么却不知在哪买？诸如生活中人人都可能碰到的小疑问拿出来请教，多半能引出对方别人的话题。可借此展开常谈论。留心储备些话题，然后可以刻意练习。适合练习闲聊的对象，作者列出三类人：抱着婴儿的人、遛狗的人、大妈（尽管是日本人的意见，也挺适用咱们的）。这三类人据我观察也是比较好大交道。大妈们是极其爱说话的，年纪加女人的天性，跟她们搭腔，很便当，而且不用担心冷场。遛狗的人，都爱跟人谈狗；同理，抱婴儿的人也喜欢谈婴儿。如果你正在练习聊天术，那么随身携带些糖果。一时找不到话题时，可请对方吃糖，缓解气氛，同时又可自糖来触动新的话题，好不好吃啦，到喜欢吃什么，爱吃的这些东西有哪些特性、什么牌子的好，在哪里买等等，话题又继续下去并不断发散。以上都是些增加聊天能力的小技巧，在书中还有不少。不要忽视聊天哦，其实聊天是非常好的沟通方式，亲戚朋友、同事、上下级之间，如果能恰当地做些聊天，增进了解，加深情感，由此还能提升竞争力。
这年头，也许是社会发展的压力，需要学习的本领和东西越来越多了，比如像聊天这样看似平常的事也被看作了一门学问，《超级聊天术》这本书通过对这些所谓“废话”的作用与意义进行分析，并告诉人们在日常生活中如何正确对待它，让人们感到这的确是值得好好思考并需要在实践中提高的，尤其是对于不太善于与他人沟通的人更需要从中学习和掌握一些要领。自然我也属于不善聊天的人，也希望自己在生活和工作中有更好的与人沟通能力，希望这样一件不太起眼的事的确可以称成为排除障碍的润滑剂，帮助自己实现更多的目标。 读完书后你会发现，聊天其实并不一定需要有极其美…
这年头，也许是社会发展的压力，需要学习的本领和东西越来越多了，比如像聊天这样看似平常的事也被看作了一门学问，《超级聊天术》这本书通过对这些所谓“废话”的作用与意义进行分析，并告诉人们在日常生活中如何正确对待它，让人们感到这的确是值得好好思考并需要在实践中提高的，尤其是对于不太善于与他人沟通的人更需要从中学习和掌握一些要领。自然我也属于不善聊天的人，也希望自己在生活和工作中有更好的与人沟通能力，希望这样一件不太起眼的事的确可以称成为排除障碍的润滑剂，帮助自己实现更多的目标。 读完书后你会发现，聊天其实并不一定需要有极其美丽的语言、也不需要有不让人冷场的接连捧腹笑话，更无须一针见血的深刻评判，而是拆掉你与他人间思想沟通的墙，也许话题不一定有意义，但却是生活的必需，甚至也是判断一个人整体的依据。书中以轻松幽默的方式总结了很多规则和方法，值得大家一读并借鉴。生活中需要提高的方面有很多，而与人交流与沟通最最常见的聊天就非常重要。 读这样的书并不是指望可以给自己带来立马的改观，而是先从中领会一些诀窍，并在实践中去有意识地付诸实施，逐步改善和提高自己。特别是书中谈到的一些与自己曾经相似遇到的场景和弱点分析，一定会对自己有很强的针对性帮助。也可以从书中那些简单的方法和措施入手，获得思想上的灵感和收益。我相信，学习他人的经验和思路可以让自己也向理想的方向逐步去靠拢！
什么样的男女关系能够长久？对恋人宽容，能妥协，愿意改变自己的最长久。什么样的同事人际关系最好？对别人无论怎样都哈哈哈的人际关系最好。迟钝也是竞争力？这可是渡边淳一老爷子说的，这个有着深厚医学背景的作家，从研究人体出发，论证了钝感力是一种适应环境的重要能力。又是一段时间读不下去书了，可是今天不到两个小时就读完了这一本。别以为我是在读《失乐园》，其实我是在感受迟钝的能力。今日读书：《钝感力》，学会不要什么事情都往心里去。
《钝感力》是渡边淳一经典励志大作。因为渡边淳一，世界上多了一个叫“钝感力”的词。钝感是一种才能，一种能让人们的才华开花结果、发扬光大的力量。 对眼前的事情钝感一点，不要什么都往心里去。 愿你同样拥有《钝感力》，帮你抵御世界的急风骤雨。
小书不厚，可以在床上读，读来轻松，一边读一边回想工作日常的点滴，给自己一个转变的机会。当下社会需要的能够抗住压力并不断向前的人，如果您和我一样责任心过重，过于敏感，我建议您看一看，性格这个东西很难改变，但是可以给自己一个积极的心理暗示。
很喜欢这本书的封面，几乎第一眼看到就喜欢上了，以为是散文随笔结果是励志书，自己造成的失误。书还没有，很好奇日本作家的励志书和中国会不会有有什么不一样，毕竟渡边淳一先生算是日本在中国比较有名的作家了，最后本人对纸质书比较喜欢，对纸质要求比较高，希望当当的纸质书出版能重视一下，也算是忠实粉了内容读完后再来追评
论述很丰富，但是感觉缺乏科学性，没有实际的科学研究数据，纯凭主观感觉。
对于心理状况的自我调节很有好处，推荐推荐推荐
書中的例子比較多，不屬於那種描寫特別深刻的，屬於大眾都能看的那種。我建意大家堅持看下去，還是有一定收獲的。我打個比方吧，這書尤如一瓶魚干油，各種成分，可能精華原油就那麼一滴，但你還是要全瓶喝下去了才能吸收到那滴原油的營養，但就那一滴，就能讓你增加了能量，奐發出光彩。"
生死疲劳（不看不知道，莫言真幽默！全新版本！）,莫言；读客文化 出品,2022-01-01,¥34.95,"莫言的这部《生死疲劳》其实就是一部“生死轮回”。在这部《生死疲劳》里，用西门闹这个冤死的地主为角色，用他的灵魂转世投胎为驴、牛、猪、狗、猴的生死轮回，围绕他的家人，他的家乡，和他相关的人，用不同的视角看人生得势落魄、世间荣辱、生活百态…
真的很佩服莫言作者的文笔，作品很接地气，用百姓们甚至以一个动物的口吻生动的描写出了一副新中国初期文革等一切岁月中的苦难，既像小说犹如散文，本来我不怎么喜欢这个描写年代的作品的，但是这本作品却吸引了我，真心推荐
第一次看莫言的书，非常大的震撼，文字功底和叙事能力绝对一流。虽然刻意制造悲剧甚于余华，猪轮回之后的故事也摇摇欲坠，不过瑕不掩瑜，配得上所有赞美。妄改莫言先生题记作为读后感：大头蓝千岁，空冢西门闹，一亩六分田地，盈月树间照。人畜有何异样，轮回只为他遭，错对恩仇笑。世事多生变，难渡高低潮。驴泣血，牛沉默，猪狂躁，狗终忘却前尘，猴已出六道。人聚人散不断，旧恨可曾购销，是非当知晓。佛眼低垂处，生死皆疲劳。
莫言的作品看过一些，他的叙述风格和写作手法独树一帜，确实非一般人可比。尤其佩服他的想象力：让人投胎为驴、牛、祝、狗，实在是高手啊！
“我没有把这本书写成布道词，我写的还是人的命运与人的感情，人的局限与人的宽容，以及人为追求幸福，坚持自己的信念所作的努力与牺牲。”先生大善。感恩我们有这样的作家。
通过各种牲畜的视角看遍人生冷暖，终于释然心中怨恨，对于时代洪流，对于国家机器，人如蝼蚁，命运并不是自己说了算。能否坚持内心的那一亩三分地，能否保持住自我，在滚滚人流中不失本色，显得弥足珍贵。
这个版本的封面是我最喜欢的，颜值超高，而且内容很丰富，是语文老师推荐的书目，作家莫言在短短几十天内写出这么多字，很厉害，收到的书包装很完整，没有损坏，趁着搞活动还一起买了《飘》和《长安客》
让我想到了百年孤独，想到马孔多！任何时候下都不要失去理志，不要蒙蔽了双眼，蓝脸的韧性令我钦佩！情感上的事情是无法用逻辑思维来解释与判断，一切来源于土地的，那么也终将会回归土地，结束便是开始！有的时候自嘲也不失为一件趣事
快递给力，纸质不错。莫言作品，果然经典，一天读完，久久回味。
莫言最重要的代表作之一，用动物的视角，俏皮的语言和鬼才的叙事化手法，讲述沉重故事，处处充满惊喜，用幽默化解现实的痛苦，让人在痛苦时依旧能笑出声来，给人与力量。"
法治的细节（罗翔新作，法律随笔，评热点、论法理、聊读书、谈爱情，人间清醒与你坦诚相见）,罗翔，果麦文化 出品,2021-11-01,¥24.90,"这次的订单4月23日由当当无锡仓库经中通快递发出，24日到达天津中通，停留至26日继续发出，27日送达后我发现箱子有破损、少了三本书。在当当购买多年，还是第一次遇到缺少的情况，很意外、立刻与当当客服联系。欣慰的是很快收到了补发的书，但之后却得知这三本书钱需要快递员赔偿——送一份快递只给提成一块钱的快递员。认真核对了物流记录和箱子破损情况后我认为责任是应由天津中通公司承担的，并建议快递员提出申诉，而快递员申诉后一直没得到回复，他说这行业就是这样的。联想到丢失的竟然是这三本书，真是很讽刺。那些教给人们要维护自身权益的书，还是改变不了权益…
这次的订单4月23日由当当无锡仓库经中通快递发出，24日到达天津中通，停留至26日继续发出，27日送达后我发现箱子有破损、少了三本书。在当当购买多年，还是第一次遇到缺少的情况，很意外、立刻与当当客服联系。欣慰的是很快收到了补发的书，但之后却得知这三本书钱需要快递员赔偿——送一份快递只给提成一块钱的快递员。认真核对了物流记录和箱子破损情况后我认为责任是应由天津中通公司承担的，并建议快递员提出申诉，而快递员申诉后一直没得到回复，他说这行业就是这样的。联想到丢失的竟然是这三本书，真是很讽刺。那些教给人们要维护自身权益的书，还是改变不了权益受侵害却无法自保的现实。
包装太差了都不舍得加一层缓冲挺好的一本说以前买书都是在当当买现在觉得以后都没必要
《罗翔说刑法》开始，喜欢上罗翔老师，后来又看了他的访谈节目《我的青铜时代》，更是深深被折服。不仅仅是罗老师普及的刑法知识、罗老师的幽默，更有罗老师的正向的价值观、人生观，给我关于人生的思考。一位值得尊敬的好老师，有温度的法律人。罗老师希望自己可以成为法治之光，我觉得他就是。
无论是看罗翔老师的视频，还是读罗翔老师的书，都能学到很多东西。其中包括：刑法、哲学、世界观、人生观、价值观。提醒我们常常反思，保持清醒。
走到哪儿都在推，没忍住买一本吧，从来没看过刑法类的书，刑法学讲义肯定是不适合我的，这本看了一下目录，感觉应该能看懂，就入了，宣传的力量不容忽视，哈哈哈看过内容之后再评价吧
辩证的法学逻辑思维，确实在黑与白之间有不一样的颜色地带，到底还是人类自身认知的能力问题。
社会在不断进步，法治的细节在不断完善。学习一些法律知识与文化是必要的。书籍质量不错，就是字体略小。
看了别人的书评才好下手，因为怕读不懂，买回来，罗翔老师讲的特别好，用故事去讲案件，讲哲学，从中受益很多，谢谢罗翔老师。
唯愿公平如大水滚滚，使公义如江河滔滔。罗翔老师是唯一一位语速不快但却让我愿意不开倍速听他讲话的老师。
如题，就想问疫情期这种情况我是不是需要把书都用酒精泡一遍？原来买的书失踪了，再入一本。"
瓦尔登湖（经典新读 中央编译出版社）,（美）梭罗 著，王光林 译 万亭文化 出品,2019-04-01,¥13.40,"初次听闻此书是在樊登，当时就对故事中引人入胜的湖光山色和一个人的悠然自得所吸引，希望亲自读文字会有更深刻的印象
本套世界文学名著选优名家的全译本，并配有精美的国际大师插图，在内容和形式上将营造极佳的阅读体验，这在国内的名著出版工作中是非常难得的。
这本书还行，跟价位匹配，我是拼单买的，不然单买不划算的
世界三大自然随笔，与《圣经》等一同被美国国会图书馆评为“塑造读者的25本书”。
书是简装版，但是质量还可以，不影响阅读。经典之作还是值得一读
喜欢世界名著，把相中的都囤回来也算实现学生时期的愿望吧！近期世界名著囤的几乎都是这个版的
《?尔登湖》是作者戴维·梭罗独居于?尔登湖，远离尘嚣，想于??然的安谧中寻找本真，质朴的?活状态，?种更具诗意的?活。或许这次选读这本书，是期望我们体会到作者深?思考，并寻找本真的?路历程，感受来着??然的?量，并寻找我们?我?中的《?尔登湖》。　　本书描述了梭罗在?尔登湖居住期间所经历的?切，与周围农夫、邻?相处，去亲?经历周围的?切，与周围动物互动，进??与?的交流，感受不?样世界的对?由的渴望。
宁静得世界，多么难得，充满了哲思学意，非常的难得
每次在当当买书，质量还是不错。自己先看，再让小朋友们看
一直以来，瓦尔登湖都是文人向往的地方，感受那份难得的静谧，这是买的第二本了，送人"
你当像鸟飞往你的山（中文版销量超200万册，比尔·盖茨年度特别推荐！登顶《纽约时报》畅销榜80+周，这本书比你听说的还要好！）,塔拉 · 韦斯特弗  著 ， 新经典  出品,2019-11-01,¥34.80,"生在破铜烂铁的家里，长在没有教育和医疗的环境中，让她从未觉得自己不正常，直到她的哥哥离开家去上学，后来又鼓励她自考大学，一步步踏出禁锢，又与其斗争，最终飞往属于自己的山。作者将这过程定义为教育带来的改变，而我觉得这更像是人类觉醒的过程。
一个惊人的故事，真正鼓舞人心。我在阅读她极·端的童年故事时，也开始反思起自己的生活。《你当像鸟飞往你的山》每个人都会喜欢。它甚至比你听说的还要好。教育意味着获得不同的视角，理解不同的人、经历和历史。如果人们受过教育，他们应该多听，少说，对差异满怀*，热爱那些不同于他们的想法。
有空的时候我就会看一看读书网站，淘一淘最近的好书，偶然看到这一本买了回家。最开头的那几十页我看得十分震惊，原来世界上真的有如此的家庭，不去医院不去学校，读完这本书后想要更加地好好学习，因为教育真的可以改变一个人许多，它能够在你觉得已经是人生巅峰的当下将你带到另外一个世界。
收到货后在一个礼拜内读完后了，后半本近200页是在一天读完的，我最大的感受是震惊，并非三言两语能描述下去的，因为我也受母亲焦虑症的影响，想逃离到很远很远的地方，如果有可能的话我将逃到外太空。如书评写的那样，比你听到的任何评论都要好的太多。
读完这本书，总感觉心中有块石头不能落下，想起自己小时候也有过一点点记忆，觉得父母对自己不公的记忆，但是我的内心没作者那么强大，没有成为像她一样的人。虽然现在过着还算舒服的生活，但总有想做却无法完成的事情，比如考学，总是找不到正确的方向。显然，作者找到了属于自己的人生。很羡慕她！书中有很多地方无法理解，作者17年没有上过学，为什么很轻松就考上了美国211大学呢？作者家里人曾多次遭遇车祸、火灾、从高空摔落、工具伤害、生育时大出血，但是通过妈妈的精油和看护都能恢复，难道真的不需要医院和科学的救治就能康复吗？人的信仰真的这么强大吗？书…
读完这本书，总感觉心中有块石头不能落下，想起自己小时候也有过一点点记忆，觉得父母对自己不公的记忆，但是我的内心没作者那么强大，没有成为像她一样的人。虽然现在过着还算舒服的生活，但总有想做却无法完成的事情，比如考学，总是找不到正确的方向。显然，作者找到了属于自己的人生。很羡慕她！书中有很多地方无法理解，作者17年没有上过学，为什么很轻松就考上了美国211大学呢？作者家里人曾多次遭遇车祸、火灾、从高空摔落、工具伤害、生育时大出血，但是通过妈妈的精油和看护都能恢复，难道真的不需要医院和科学的救治就能康复吗？人的信仰真的这么强大吗？书中字迹清晰，纸张质量很好，看起来很舒服。南海出版社。赞
我们都缺乏打破现状的勇气。理念与家庭观念相悖，我们会如何抉择。她有一往无前的动力，也有渴望被家庭认同的心理。终将是远方的山吸引住了她。终将是飞鸟一样远离山谷。
你能想象吗？在高速发展的美国，有这样一座山，山里的父亲信奉上帝的力量，作者塔拉就是在垃圾场的废铜烂铁铸成的童年里长大的，那里没有读书声，只有起重机的轰鸣。哥哥被火烧伤，居然是自己一人跑回来，让年仅10岁的塔拉治疗。  ?难以想象在垃圾场长大，被教导医院和学校是政府的阴谋情况下，塔拉最终成为了一名博士。  ?这就是塔拉写的《你当像鸟飞往你的山》，从山里到山外，从挣扎到接纳，塔拉做出了一次次的“自我选择”。   心理学上有个概念叫自我选择效应，它是指你做出什么样的选择，就决定过什么样的生活。你选择积极乐观，便与幸福不期而遇；…
你能想象吗？在高速发展的美国，有这样一座山，山里的父亲信奉上帝的力量，作者塔拉就是在垃圾场的废铜烂铁铸成的童年里长大的，那里没有读书声，只有起重机的轰鸣。哥哥被火烧伤，居然是自己一人跑回来，让年仅10岁的塔拉治疗。  ?难以想象在垃圾场长大，被教导医院和学校是政府的阴谋情况下，塔拉最终成为了一名博士。  ?这就是塔拉写的《你当像鸟飞往你的山》，从山里到山外，从挣扎到接纳，塔拉做出了一次次的“自我选择”。   心理学上有个概念叫自我选择效应，它是指你做出什么样的选择，就决定过什么样的生活。你选择积极乐观，便与幸福不期而遇；你选择消极悲观，就是对不幸耿耿于怀。最终决定你能走多远，能过什么样的生活的，从来都是你本来的自己。   “我曾怯懦、崩溃、自我怀疑，内心有什么东西腐烂了，恶臭熏天”，塔拉也曾和每个人一样失落彷徨过，但是她选择了接纳自己选择了自己的思维方式。  ?那这个自我选择的过程中，塔拉经历了什么又是怎样改变的，都在《你当像鸟飞往你的山》里。   这本书也将告诉你：什么样的选择决定什么样的生活，今天的生活是由3年前我们的选择决定的，而今天我们的抉择将决定我们3年后的生活。
真心不错的一本书改变命运往往要靠自己的努力，只有更新自己的想法，获取更多的知识能力，我们才能不断进度，书中印象深刻的一个小细节，每天爸爸不管多累都会给大家读圣经，每天都有新意！往往是你读书后的想法不同，新意才会层出不穷的跟着你！
每年都能读到一本好书，是幸运的。主人翁从废料厂到最后的认同自己，接纳自己，释怀所有，让人感怀。在原生家庭的成长，兄弟姐妹之间的爱恨情仇，良师益友的欣赏与帮扶，自己勇敢努力挣扎包容。让我的心一次又一次的被触动。
所幸的是塔拉最后还是坚守住了自我，尽管她努力说服自己应该与家人在一起，但内心的她最终成就了自己。比较可惜的是最终只有三个孩子走了出来而母亲、塔拉的姐姐，山谷的其他人甚至是她的外祖父都成为了父亲不折不扣的追随者。这本书比你在别人口中听到的还要好。"
和古代学霸握个手,急脚大师 著 捧读文化 出品,2022-11-01,¥27.80,"历史长河中不可忘却的给我们鼓励的古人，这些学霸大多数没有在现代留下名片，仿佛看到从古至今，历史的长河中有无数默默无名之辈，在激励着我们。
第一次买了之后，竟然没有送到地方，就直接给退回了，不知道是当地没有书了，还是咋回事，幸亏又给解决了
买给孩子看的，他很喜欢，包装漂亮，里面内容也很新颖有趣，很适合学生和家长。可以让我们家长不用说教，用这本有趣的书让孩子自己觉得用功读书、学习技术的必要。强烈推荐。
生活中，我们通常将“学霸”等同于“考霸”，但这本书要讲的是，他们不一定考试能考满分，不一定寒窗十年只为功名，他们分布在各行各业中，有底层草根、富家公子、将军大侠、皇子大臣、技工商人……他们都能被称为各自领域的“学霸”，掌握了比普通人更多的知识与技能。
家里有学生的一定要买回来看看，能让孩子看到学霸的新定义，并不是会考试就是学霸，并不是成绩好就是学霸，只要肯钻研，人人皆可成为学霸。
是正品很好用，价格便宜了很多，性价比超高，真的特别划算，包装也很高端大气上档次，值得购买宝贝收到了，质量很不错，包装精致，材质优秀，比想象中好，送礼自用非常合适，下次继续购买价格很实惠，性价比很高，算是平价好物，会回购的是正品，跟商店里买的是一样的，在这网购方便快捷，品质放心，还会光顾！.^?^.很快就到了，全新正品，包装很仔细，没有问题是正品，跟商店里买的是一样的，在这网购方便快捷，品质放心，还会光顾！.^?^.
这本书的作者将严谨、枯燥的历史，以风趣的语言方式讲述，再配上幽默的漫画，剧场感十足，读起来爆笑连连。本书除了能见到耳熟能详的古代学霸史，还能了解那些鲜为人知的学霸故事。
带给人惊喜的一本书，看到排在畅销榜前面才买的，确实是货真价实的好书，会推荐给朋友也买的
书收到了，孩子很喜欢！下次继续光顾，多买一些有意义的课外书，让孩子从故事中汲取成长的力量！！
收到了书，首先来说书的外包装非常的严实，非常的干净，其次是，说的内容也是非常的吸引人，非常的有意义，家里的大人小孩都是非常的喜欢，非常的适合大家一起阅读"
三体：全三册 刘慈欣代表作，亚洲“雨果奖”获奖作品！,刘慈欣,2010-11-01,¥51.20,"当当网购书让我第一次体验了什么是满意的售后服务，太强大了，这套书是儿子的最爱，也是一套值得收藏的好书。第一次发过来有质量问题的书已退还，当当网重新发过来这套书儿子太喜欢了!值得点的当当网
《三体》给我们的是现实中的思考，在文革那个我们不曾经历过的背景下的思考。它不太像是科幻小说，相比后面的两部，更真实。《三体—黑暗森林》展开的是以面壁计划为基础而引发的一系列与宇宙黑暗森林状态有关的事情，隐藏在字里行间的也有着作者独特的想法，处处引发我们对人生的思考。《三体—死神永生》是一篇真正的大手笔，将整个地球，整个银河系，展现在宇宙的大背景下，真正触发灵魂深处对于人性的思考。关于人物上，大史这个人物设定真是赞，一个无论处在什么时代都只是忠实履行自己指责，永远忠于内心的人。关于罗辑，作者给读者留下了无限的想象空间，一个在…
《三体》给我们的是现实中的思考，在文革那个我们不曾经历过的背景下的思考。它不太像是科幻小说，相比后面的两部，更真实。《三体—黑暗森林》展开的是以面壁计划为基础而引发的一系列与宇宙黑暗森林状态有关的事情，隐藏在字里行间的也有着作者独特的想法，处处引发我们对人生的思考。《三体—死神永生》是一篇真正的大手笔，将整个地球，整个银河系，展现在宇宙的大背景下，真正触发灵魂深处对于人性的思考。关于人物上，大史这个人物设定真是赞，一个无论处在什么时代都只是忠实履行自己指责，永远忠于内心的人。关于罗辑，作者给读者留下了无限的想象空间，一个在光明世界度过了无限黑暗的人，一个在黑暗世界内心无限光明的人，谁也无法真正懂罗辑，这位真正的面壁人。程心，爱与正义的化身。你可以说她放弃了行使执剑人的权利，导致威慑纪元的终结；可以说，她扼杀了维德的计划。可是，正如作者所说，她究竟是扼杀，还是拯救，谁也无法评说，只有她，为人类保留最后的火种。维德。威慑度为100％的男人，即使是如神祇一般的罗辑，才90%左右。这在书中结束的太匆忙，或者隐藏在我没有读到的字里行间。正如书后评语所说。对历史和现实的一次实验，比现实更真实，比神话更空灵的科幻小说。
连续读完三本书，整个人都感觉得到了一种升华，感觉真实存在的世界，仿佛就在我身边，回味无穷的故事。
国际上都极具盛名的刘慈心的代表作。自从《流浪地球》翻拍成电影后，三体在中国科幻类小说中的地位更加稳固。如果让30岁的自己读书，那么我会选择这几本，沉下心来，在星球中穿梭，在宇宙中翱翔。
《三体》每一部的主线并不同，但是我认为它的隐藏主线都是完全相同的，就是“科学”！科学改变世界，改变人类，改变命运！这种积极向上的精神便是作者希望传播一个核心思想，同时，我也希望把那份震撼传达给更多的人，使更多的人感受到《三体》给人心灵的洗涤与升华。
""在未来，当人工智能拥有超过人类的智力时，想象力也许是我们对于它们所拥有的惟一优势。""这句话让我对这本书产生了兴趣，的确人工智能在发展，我们能做的也是找到自己的差异化优势。我是去年听说这本小说的，今天才有机会看看。未来是不确定的，想象力带来创新。
流淌在岁月中的文明我选择顺着你的方向前行适应你的温度和潮汐流淌在岁月里的文明我将会带领你冲出河堤浇灌每一处生灵让你成为不止银河般的无垠生存，生存就需要狼性但是岁月是如此浩瀚人生如此短暂我想要选择不止狼性或者顺流而行
第一本在出差的火车上读完的。在电子书和网络小说盛行的今天，看着纸质的书，感觉真好，现在在读第二本。有关人性和科幻的具体描述非常到位，堪称硬科幻小说的典范。 想起大学时在室友的影响下开始看《科幻世界》，那一个个或穿越时空，或改变现实的故事让人回味不已，这也是一个让人回味思考的故事
买回来就迫不及待的打开了，三体完全把你带领了另一个境界，作者奇特的构思、强大的文化背景，扎实的物理理论。全部结合到一起。伟大的作品，看了三体后觉得跟浩瀚的宇宙比起来，人太渺小了。
太伟大的科幻小说了，脑洞开的不是一般的服！一部比一部好看！三体系列是涵盖了哲学的科幻，会帮助你建立宇宙观的科幻，一定要看三，三最好看！唯一的建议是书皮可不可以做的高大上一点，用再好一点的纸……"
陪孩子弯道超车（给家长和孩子的逆袭指南）,吉田 著，磨铁文化 出品,2022-07-01,¥34.10,"我本不想评论，就是冲是评论买了好多不好看的书。这本书个人认为很一般，里面的内容非常显浅，对我来说，没有那个点，我可以用的，因为这些点，我估计大部分家长早已懂得
内容很一般。但是也有一个点就是要家长去挖掘孩子的潜在的优势。换个思维去引领孩子。也算是比较独到的见解。
不错值得推荐购买，哈哈哈哈哈哈哈哈哈哈哈哈好
不错，很快就收到了，还没看，育儿得不断学习，读了再来评价，值得购买，希望能帮助到孩子
少走弯路！
质量可以的
还没顾得看，买的书多。不知道内容怎么样，看了再评价
不错的书，非常受益，非常满意。
给孩子买的，内容十分丰富，对孩子很有帮助。
自从孩子上学就好焦虑，跟着孩子一起成长学习，做合格的妈妈"
